,comomentum
19921225,0.232348915
19930101,0.187275682
19930108,0.198233378
19930115,0.148272712
19930122,0.224485542
19930129,0.198665229
19930205,0.252826868
19930212,0.20582429
19930219,0.265036587
19930226,0.247620346
19930305,0.24916906
19930312,0.254058398
19930319,0.274245642
19930326,0.27384865
19930402,0.243607363
19930409,0.266859379
19930416,0.24960679
19930423,0.268155309
19930430,0.270129812
19930507,0.244848815
19930514,0.293277705
19930521,0.304211819
19930528,0.285094156
19930604,0.259596064
19930611,0.261458339
19930618,0.275289589
19930625,0.28408097
19930702,0.300564684
19930709,0.269838823
19930716,0.264433589
19930723,0.202988413
19930730,0.117646624
19930806,0.208709643
19930813,0.221261652
19930820,0.200481163
19930827,0.22597789
19930903,0.174786874
19930910,0.255137875
19930917,0.206580322
19930924,0.182848109
19931001,0.183229296
19931008,0.179134101
19931015,0.200830935
19931022,0.230900904
19931029,0.23391929
19931105,0.180760724
19931112,0.247849109
19931119,0.219358377
19931126,0.229258232
19931203,0.232543395
19931210,0.202745288
19931217,0.220746603
19931224,0.211300395
19931231,0.183317986
19940107,0.213613862
19940114,0.210334133
19940121,0.166172977
19940128,0.184409365
19940204,0.244136712
19940211,0.181303061
19940218,0.20994443
19940225,0.196567195
19940304,0.206032736
19940311,0.213916454
19940318,0.157503876
19940325,0.214479638
19940401,0.241056577
19940408,0.184619779
19940415,0.23125926
19940422,0.214192675
19940429,0.227900489
19940506,0.204189866
19940513,0.196234852
19940520,0.210312518
19940527,0.193648128
19940603,0.192418028
19940610,0.181521215
19940617,0.210968291
19940624,0.200981898
19940701,0.18588939
19940708,0.205890315
19940715,0.182123703
19940722,0.078822975
19940729,0.140651458
19940805,0.219567898
19940812,0.14304931
19940819,0.122361221
19940826,0.171235121
19940902,0.149845441
19940909,0.103283668
19940916,0.175433468
19940923,0.079018723
19940930,0.162892786
19941007,0.115453371
19941014,0.106290207
19941021,0.114751902
19941028,0.096630149
19941104,0.127694819
19941111,0.030683618
19941118,0.107687663
19941125,0.052935587
19941202,0.036944889
19941209,0.035797457
19941216,0.054350789
19941223,0.034929325
19941230,0.042043915
19950106,0.03905064
19950113,0.053252136
19950120,0.086757968
19950127,0.058734575
19950203,0.06244677
19950210,0.10544614
19950217,0.09098649
19950224,0.117669892
19950303,0.100130469
19950310,0.073492542
19950317,0.12263057
19950324,0.051463675
19950331,0.091552293
19950407,0.0621922
19950414,0.087605083
19950421,0.007046569
19950428,0.050152888
19950505,0.066231111
19950512,0.065216376
19950519,0.092315381
19950526,0.070872903
19950602,0.07511269
19950609,0.087179929
19950616,0.080477551
19950623,0.10029735
19950630,0.045072221
19950707,0.074297321
19950714,0.109565328
19950721,-0.050543812
19950728,0.069982688
19950804,-0.033285232
19950811,0.047847098
19950818,0.012320618
19950825,0.070434851
19950901,0.042346268
19950908,0.065947859
19950915,0.143883783
19950922,0.089842718
19950929,0.094165028
19951006,0.087948648
19951013,0.121881295
19951020,0.089012802
19951027,0.12927471
19951103,0.126587735
19951110,0.114661295
19951117,0.183288682
19951124,0.198589123
19951201,0.159709859
19951208,0.192313328
19951215,0.235517623
19951222,0.223399551
19951229,0.234692303
19960105,0.231466287
19960112,0.223063087
19960119,0.185670325
19960126,0.21092603
19960202,0.236642706
19960209,0.237895903
19960216,0.236568529
19960223,0.193068176
19960301,0.218062275
19960308,0.215822031
19960315,0.214371562
19960322,0.125132985
19960329,0.14566861
19960405,0.142038345
19960412,0.184738447
19960419,0.117733747
19960426,0.132470347
19960503,0.134298127
19960510,0.126452484
19960517,0.059701556
19960524,0.144922302
19960531,0.154073458
19960607,0.159845751
19960614,0.140923681
19960621,0.137051249
19960628,0.166803764
19960705,0.156117496
19960712,0.161237426
19960719,0.108439113
19960726,0.101386358
19960802,0.137968102
19960809,0.134643059
19960816,0.195126169
19960823,0.147972509
19960830,0.12245104
19960906,0.131845579
19960913,0.114498443
19960920,0.14409743
19960927,0.126039876
19961004,0.143216842
19961011,0.117094082
19961018,0.106229456
19961025,0.212395006
19961101,0.153852793
19961108,0.131312101
19961115,0.149385499
19961122,0.117812776
19961129,0.095611973
19961206,0.148205745
19961213,0.144761506
19961220,0.155530805
19961227,0.151788202
19970103,0.102410803
19970110,0.146127575
19970117,0.143559673
19970124,0.157791823
19970131,0.175239847
19970207,0.202063856
19970214,0.164592727
19970221,0.155716401
19970228,0.167081563
19970307,0.155920414
19970314,0.193809339
19970321,0.191249406
19970328,0.161118462
19970404,0.172895419
19970411,0.207928924
19970418,0.229972561
19970425,0.176167086
19970502,0.172134215
19970509,0.143326811
19970516,0.158949657
19970523,0.173871562
19970530,0.178823607
19970606,0.172063258
19970613,0.195373629
19970620,0.198917468
19970627,0.202835273
19970704,0.20327675
19970711,0.161781731
19970718,0.090212125
19970725,0.096405991
19970801,0.134171743
19970808,0.145754575
19970815,0.115460726
19970822,0.124290387
19970829,0.119426607
19970905,0.096779529
19970912,0.126519727
19970919,0.097987152
19970926,0.062321996
19971003,0.090380248
19971010,0.10681954
19971017,0.125336866
19971024,0.117647753
19971031,0.141757203
19971107,0.092051996
19971114,0.103730775
19971121,0.116000663
19971128,0.114583405
19971205,0.098729171
19971212,0.116316793
19971219,0.093059748
19971226,0.064702553
19980102,0.1197473
19980109,0.137121211
19980116,0.139833739
19980123,0.103628751
19980130,0.17883056
19980206,0.172282316
19980213,0.139935607
19980220,0.129489226
19980227,0.119859443
19980306,0.125329319
19980313,0.150393677
19980320,0.141493907
19980327,0.112007795
19980403,0.095828373
19980410,0.127352687
19980417,0.090840807
19980424,0.10998601
19980501,0.096494318
19980508,0.100270842
19980515,0.055815133
19980522,0.100263034
19980529,0.062753952
19980605,0.086574865
19980612,0.115363407
19980619,0.111148136
19980626,0.088373028
19980703,0.059742508
19980710,0.081305444
19980717,0.043248776
19980724,-0.094417575
19980731,0.125300086
19980807,0.115776477
19980814,0.130709005
19980821,0.092297422
19980828,0.113233617
19980904,0.114020402
19980911,0.110416279
19980918,0.096031459
19980925,0.092658548
19981002,0.083292626
19981009,0.124229915
19981016,0.111598327
19981023,0.088610127
19981030,0.068801995
19981106,0.061050652
19981113,0.083947566
19981120,0.080080509
19981127,0.068260924
19981204,0.057642633
19981211,0.079090112
19981218,0.062913563
19981225,0.079839193
19990101,0.079296156
19990108,0.046636129
19990115,0.054700043
19990122,0.045791305
19990129,0.068893252
19990205,0.063240743
19990212,0.102457418
19990219,0.098815528
19990226,0.146426745
19990305,0.162435675
19990312,0.148447538
19990319,0.164760917
19990326,0.151631861
19990402,0.131644337
19990409,0.125581171
19990416,0.121668928
19990423,0.175606704
19990430,0.18811455
19990507,0.180241365
19990514,0.189792151
19990521,0.173257914
19990528,0.206767588
19990604,0.168100306
19990611,0.18252446
19990618,0.128394236
19990625,0.147552856
19990702,0.126359172
19990709,0.143737625
19990716,0.184247439
19990723,0.097319108
19990730,0.014799827
19990806,0.160631596
19990813,0.130755925
19990820,0.125586662
19990827,0.125164901
19990903,0.105431471
19990910,0.130564731
19990917,0.091266763
19990924,0.077450168
19991001,0.096862146
19991008,0.121903537
19991015,0.105499552
19991022,0.143953213
19991029,0.161973889
19991105,0.169065259
19991112,0.127011556
19991119,0.092834114
19991126,0.165891221
19991203,0.162472089
19991210,0.125099612
19991217,0.18953271
19991224,0.160009262
19991231,0.16375162
20000107,0.150385204
20000114,0.113519119
20000121,0.101846544
20000128,0.119176229
20000204,0.060425728
20000211,0.08563612
20000218,0.114734521
20000225,0.121672377
20000303,0.102517918
20000310,0.150078764
20000317,0.106439355
20000324,0.132019255
20000331,0.157618552
20000407,0.111595984
20000414,0.146254813
20000421,0.12384901
20000428,0.151036197
20000505,0.160434972
20000512,0.153435781
20000519,0.156110387
20000526,0.149783017
20000602,0.153715334
20000609,0.162210485
20000616,0.148043081
20000623,0.160522107
20000630,0.143780242
20000707,0.12847618
20000714,0.153231834
20000721,0.069496635
20000728,0.062566121
20000804,0.125808808
20000811,0.126661934
20000818,0.084728114
20000825,0.116786112
20000901,0.143532229
20000908,0.137116495
20000915,0.076094902
20000922,0.110994427
20000929,0.141554759
20001006,0.184968634
20001013,0.171808832
20001020,0.156461043
20001027,0.121711345
20001103,0.165000689
20001110,0.185590732
20001117,0.149645901
20001124,0.145080432
20001201,0.097079446
20001208,0.148561416
20001215,0.135491554
20001222,0.094844124
20001229,0.132017217
20010105,0.137809835
20010112,0.13377665
20010119,0.132583329
20010126,0.188273429
20010202,0.184295232
20010209,0.161408956
20010216,0.17492293
20010223,0.174756833
20010302,0.16651891
20010309,0.14787491
20010316,0.156507955
20010323,0.165412758
20010330,0.139161914
20010406,0.18935319
20010413,0.17843365
20010420,0.178045936
20010427,0.178602925
20010504,0.15268166
20010511,0.184935661
20010518,0.178884442
20010525,0.21262316
20010601,0.208999121
20010608,0.206262383
20010615,0.191628286
20010622,0.192463592
20010629,0.218383058
20010706,0.197690956
20010713,0.212742959
20010720,0.145638349
20010727,0.213550304
20010803,0.203026253
20010810,0.224381848
20010817,0.210512072
20010824,0.186073773
20010831,0.188882698
20010907,0.184746842
20010914,0.174133359
20010921,0.22512695
20010928,0.198327689
20011005,0.232265706
20011012,0.233218477
20011019,0.21736239
20011026,0.217596321
20011102,0.225679942
20011109,0.240694788
20011116,0.265132509
20011123,0.257396073
20011130,0.262268547
20011207,0.256986823
20011214,0.261004264
20011221,0.247935457
20011228,0.240332884
20020104,0.241344351
20020111,0.239932252
20020118,0.248840096
20020125,0.27222187
20020201,0.28488119
20020208,0.283539452
20020215,0.269052171
20020222,0.253786483
20020301,0.230931258
20020308,0.257082084
20020315,0.266061685
20020322,0.27027753
20020329,0.224812686
20020405,0.23184569
20020412,0.25704341
20020419,0.29096606
20020426,0.280516152
20020503,0.265471252
20020510,0.257887024
20020517,0.269569317
20020524,0.243446594
20020531,0.265410117
20020607,0.267595301
20020614,0.258320826
20020621,0.257326812
20020628,0.262708859
20020705,0.262145116
20020712,0.322264881
20020719,0.307902318
20020726,0.368147152
20020802,0.355948063
20020809,0.378644172
20020816,0.355824157
20020823,0.357221091
20020830,0.369035623
20020906,0.363613474
20020913,0.359602382
20020920,0.372648339
20020927,0.35893985
20021004,0.344669543
20021011,0.35324952
20021018,0.354056862
20021025,0.372372933
20021101,0.355491957
20021108,0.325529428
20021115,0.350536888
20021122,0.354899599
20021129,0.366731379
20021206,0.354309648
20021213,0.380349303
20021220,0.385858413
20021227,0.354109815
20030103,0.33638875
20030110,0.378145399
20030117,0.341557591
20030124,0.3296816
20030131,0.310784739
20030207,0.356392358
20030214,0.35304459
20030221,0.35644187
20030228,0.364955901
20030307,0.369192014
20030314,0.349026638
20030321,0.337643233
20030328,0.348810122
20030404,0.307645851
20030411,0.308142302
20030418,0.333102868
20030425,0.294089176
20030502,0.28428506
20030509,0.241053311
20030516,0.261649437
20030523,0.257456283
20030530,0.265331179
20030606,0.24672809
20030613,0.255427395
20030620,0.23353442
20030627,0.246731738
20030704,0.200138858
20030711,0.236654236
20030718,0.189711591
20030725,0.172254291
20030801,0.212122371
20030808,0.188740494
20030815,0.196835268
20030822,0.168400757
20030829,0.178797012
20030905,0.091462817
20030912,0.152816287
20030919,0.123634841
20030926,0.184841934
20031003,0.148720625
20031010,0.173572749
20031017,0.186148287
20031024,0.211190191
20031031,0.188390903
20031107,0.164799827
20031114,0.158272848
20031121,0.15377461
20031128,0.136290354
20031205,0.151224508
20031212,0.150443122
20031219,0.169772115
20031226,0.13867553
20040102,0.128445045
20040109,0.147872933
20040116,0.159094595
20040123,0.182561107
20040130,0.228012685
20040206,0.163853634
20040213,0.161081232
20040220,0.14286251
20040227,0.1726313
20040305,0.150982152
20040312,0.16475546
20040319,0.122547988
20040326,0.1853797
20040402,0.190111553
20040409,0.170497206
20040416,0.19019525
20040423,0.149340926
20040430,0.154518603
20040507,0.178679352
20040514,0.146097364
20040521,0.155884447
20040528,0.142675955
20040604,0.180656054
20040611,0.166493216
20040618,0.162215898
20040625,0.186019763
20040702,0.179772774
20040709,0.17803251
20040716,0.104103562
20040723,0.099963614
20040730,0.104351626
20040806,0.124762146
20040813,0.132034744
20040820,0.125446972
20040827,0.129406534
20040903,0.106304058
20040910,0.146220953
20040917,0.144010937
20040924,0.144983217
20041001,0.113562878
20041008,0.140841333
20041015,0.131520902
20041022,0.156909885
20041029,0.14234033
20041105,0.112878785
20041112,0.129963912
20041119,0.141724996
20041126,0.170651456
20041203,0.15883774
20041210,0.196641814
20041217,0.173522512
20041224,0.180373885
20041231,0.193122211
20050107,0.136348682
20050114,0.152343709
20050121,0.13003283
20050128,0.122707504
20050204,0.127235444
20050211,0.14926811
20050218,0.175726565
20050225,0.192652763
20050304,0.183375975
20050311,0.181479893
20050318,0.206874177
20050325,0.17721766
20050401,0.167519748
20050408,0.158301341
20050415,0.169428249
20050422,0.170206391
20050429,0.162167013
20050506,0.144832079
20050513,0.162707833
20050520,0.143399183
20050527,0.170401801
20050603,0.146069363
20050610,0.142455763
20050617,0.128540399
20050624,0.130278121
20050701,0.133718399
20050708,0.136500103
20050715,0.15335311
20050722,0.142509193
20050729,0.14069302
20050805,0.128667274
20050812,0.128486188
20050819,0.098430887
20050826,0.122887957
20050902,0.10304767
20050909,0.119056699
20050916,0.123222439
20050923,0.135160417
20050930,0.138770462
20051007,0.15728137
20051014,0.115864164
20051021,0.054006035
20051028,0.085527396
20051104,0.104724844
20051111,0.130363587
20051118,0.132944215
20051125,0.105412212
20051202,0.105176
20051209,0.10544062
20051216,0.098130802
20051223,0.10867799
20051230,0.104872725
20060106,0.115037369
20060113,0.146235905
20060120,0.121922647
20060127,0.129675906
20060203,0.091467461
20060210,0.131299422
20060217,0.118900104
20060224,0.100985368
20060303,0.092559028
20060310,0.095420483
20060317,0.054625691
20060324,0.102545551
20060331,0.072957499
20060407,0.105195208
20060414,0.097748039
20060421,0.075888361
20060428,0.111546371
20060505,0.113980205
20060512,0.110708409
20060519,0.152778759
20060526,0.127928388
20060602,0.136660011
20060609,0.138796976
20060616,0.143987846
20060623,0.137894445
20060630,0.134481896
20060707,0.137196062
20060714,0.155624232
20060721,0.1448573
20060728,0.129623453
20060804,0.148769555
20060811,0.136006175
20060818,0.15035528
20060825,0.147788039
20060901,0.130228027
20060908,0.148484181
20060915,0.13211649
20060922,0.127188846
20060929,0.142774077
20061006,0.132565548
20061013,0.132623713
20061020,0.145133373
20061027,0.116539393
20061103,0.13868101
20061110,0.134276867
20061117,0.107521298
20061124,0.115974628
20061201,0.124242194
20061208,0.157691946
20061215,0.143031813
20061222,0.125462915
20061229,0.14690085
20070105,0.172231404
20070112,0.183597526
20070119,0.176627658
20070126,0.172993745
20070202,0.160480495
20070209,0.155572531
20070216,0.15491701
20070223,0.150843289
20070302,0.158777313
20070309,0.169939235
20070316,0.156530805
20070323,0.146639472
20070330,0.16086598
20070406,0.120668535
20070413,0.129377288
20070420,0.105707074
20070427,0.091959964
20070504,0.114897898
20070511,0.127433604
20070518,0.117860498
20070525,0.125021771
20070601,0.155880393
20070608,0.139899685
20070615,0.108626013
20070622,0.109402707
20070629,0.10989025
20070706,0.092390767
20070713,0.112723194
20070720,0.07881622
20070727,0.091498426
20070803,0.116909544
20070810,0.099199045
20070817,0.103110784
20070824,0.112228875
20070831,0.080787325
20070907,0.086071391
20070914,0.074877942
20070921,0.080657834
20070928,0.09433416
20071005,0.092704931
20071012,0.089267517
20071019,0.1928662
20071026,0.009671645
20071102,0.096202261
20071109,0.043779016
20071116,0.048508463
20071123,0.076017778
20071130,0.077160472
20071207,0.0925163
20071214,0.126080318
20071221,0.094497446
20071228,0.074278914
20080104,0.090081885
20080111,0.08118229
20080118,0.087065906
20080125,0.115409143
20080201,0.116510105
20080208,0.104393596
20080215,0.108276013
20080222,0.108507773
20080229,0.128980418
20080307,0.129604845
20080314,0.121864295
20080321,0.119367881
20080328,0.11581431
20080404,0.105903731
20080411,0.12303711
20080418,0.112717884
20080425,0.123285973
20080502,0.111307231
20080509,0.102184563
20080516,0.120620043
20080523,0.100862349
20080530,0.122738283
20080606,0.083255163
20080613,0.105356697
20080620,0.137174472
20080627,0.119129196
20080704,0.126916813
20080711,0.132629298
20080718,0.13824992
20080725,0.154569633
20080801,0.151974388
20080808,0.158438603
20080815,0.158933337
20080822,0.158258293
20080829,0.154793959
20080905,0.157536233
20080912,0.164479776
20080919,0.132542897
20080926,0.164515917
20081003,0.187386262
20081010,0.184453695
20081017,0.189542942
20081024,0.181811274
20081031,0.159291287
20081107,0.174678905
20081114,0.199588593
20081121,0.20565531
20081128,0.180216721
20081205,0.21268138
20081212,0.188903073
20081219,0.173255067
20081226,0.178186603
20090102,0.183446877
20090109,0.169045807
20090116,0.223689274
20090123,0.238121203
20090130,0.222167705
20090206,0.216867226
20090213,0.236290438
20090220,0.214812906
20090227,0.25257424
20090306,0.238266567
20090313,0.200909835
20090320,0.20294294
20090327,0.188259638
20090403,0.194704907
20090410,0.209392265
20090417,0.182019636
20090424,0.167956595
20090501,0.203527391
20090508,0.165749097
20090515,0.178762697
20090522,0.189172932
20090529,0.169555852
20090605,0.185376152
20090612,0.175472026
20090619,0.178053809
20090626,0.174559614
20090703,0.166827621
20090710,0.173674308
20090717,0.196282979
20090724,0.157959269
20090731,0.133617919
20090807,0.128730153
20090814,0.16621581
20090821,0.178156129
20090828,0.159369612
20090904,0.134723337
20090911,0.14464403
20090918,0.099866467
20090925,0.137411557
20091002,0.131319933
20091009,0.123345699
20091016,0.096641644
20091023,0.124387029
20091030,0.155692872
20091106,0.217487212
20091113,0.191291214
20091120,0.129878112
20091127,0.135525957
20091204,0.164554501
20091211,0.118607147
20091218,0.123946449
20091225,0.13716202
20100101,0.20655693
20100108,0.165886614
20100115,0.125551643
20100122,0.122652446
20100129,0.116305797
20100205,0.11509941
20100212,0.115976528
20100219,0.137926746
20100226,0.150806951
20100305,0.156818647
20100312,0.144946014
20100319,0.185424681
20100326,0.153993376
20100402,0.147444469
20100409,0.136101514
20100416,0.130226991
20100423,0.085507009
20100430,0.05428682
20100507,0.08884413
20100514,0.080698292
20100521,0.103952752
20100528,0.096761933
20100604,0.094105116
20100611,0.094299326
20100618,0.104314413
20100625,0.112216528
20100702,0.095152262
20100709,0.111959781
20100716,0.083243434
20100723,0.073999241
20100730,0.095594163
20100806,0.093232073
20100813,0.091303915
20100820,0.088045413
20100827,0.100324131
20100903,0.098020252
20100910,0.116673276
20100917,0.095226737
20100924,0.095384499
20101001,0.10441627
20101008,0.067481192
20101015,0.047013279
20101022,0.111954957
20101029,0.086466136
20101105,0.053555703
20101112,0.043949096
20101119,0.051818906
20101126,0.090100186
20101203,0.093076455
20101210,0.098852844
20101217,0.084848228
20101224,0.129763883
20101231,0.076387749
20110107,0.093326096
20110114,0.117130703
20110121,0.105031697
20110128,0.118009471
20110204,0.150037502
20110211,0.127343985
20110218,0.150584002
20110225,0.155830825
20110304,0.140491548
20110311,0.152208039
20110318,0.149492681
20110325,0.173641815
20110401,0.162035877
20110408,0.161791429
20110415,0.160718804
20110422,0.168449226
20110429,0.140440105
20110506,0.170221856
20110513,0.175117167
20110520,0.19732769
20110527,0.212705282
20110603,0.223135038
20110610,0.190416297
20110617,0.216965737
20110624,0.224016104
20110701,0.237482079
20110708,0.239601612
20110715,0.239669835
20110722,0.249680992
20110729,0.228863536
20110805,0.213845392
20110812,0.219503334
20110819,0.229383486
20110826,0.215347891
20110902,0.22486169
20110909,0.227225318
20110916,0.236889938
20110923,0.218388553
20110930,0.229868263
20111007,0.200694543
20111014,0.22866918
20111021,0.231048493
20111028,0.205056549
20111104,0.215848723
20111111,0.227313684
20111118,0.203488861
20111125,0.229996451
20111202,0.195698155
20111209,0.19634826
20111216,0.200695787
20111223,0.213626333
20111230,0.222468488
20120106,0.227566016
20120113,0.246218923
20120120,0.24365985
20120127,0.231016341
20120203,0.243855414
20120210,0.249029171
20120217,0.252166132
20120224,0.236514087
20120302,0.23199129
20120309,0.250507487
20120316,0.223443003
20120323,0.247651013
20120330,0.234849795
20120406,0.251598067
20120413,0.220794902
20120420,0.246410632
20120427,0.262108691
20120504,0.238546673
20120511,0.195178078
20120518,0.204993764
20120525,0.237764592
20120601,0.210263469
20120608,0.227110841
20120615,0.217223522
20120622,0.231866587
20120629,0.216899055
20120706,0.221595789
20120713,0.172560917
20120720,0.183142875
20120727,0.189130489
20120803,0.233144021
20120810,0.251672291
20120817,0.243509332
20120824,0.240706753
20120831,0.202064319
20120907,0.221817051
20120914,0.193819408
20120921,0.217389469
20120928,0.214525073
20121005,0.1850116
20121012,0.145544908
20121019,0.236586171
20121026,0.12086979
20121102,0.09002359
20121109,0.144081078
20121116,0.141045843
20121123,0.164756762
20121130,0.16868726
20121207,0.188829358
20121214,0.183853104
20121221,0.178303898
20121228,0.199191806
20130104,0.133542989
20130111,0.207238034
20130118,0.185045742
20130125,0.188336307
20130201,0.169203157
20130208,0.176517301
20130215,0.167261281
20130222,0.170345277
20130301,0.171106549
20130308,0.15913656
20130315,0.193526757
20130322,0.15866575
20130329,0.156126858
20130405,0.158555814
20130412,0.137330714
20130419,0.194113758
20130426,0.176283716
20130503,0.175001066
20130510,0.166551014
20130517,0.136940702
20130524,0.14038418
20130531,0.132625789
20130607,0.17205498
20130614,0.147651067
20130621,0.157327004
20130628,0.134065407
20130705,0.129083483
20130712,0.107670682
20130719,0.10926844
20130726,0.148860869
20130802,0.150645875
20130809,0.1280481
20130816,0.129427277
20130823,0.121801913
20130830,0.14463672
20130906,0.14236721
20130913,0.10876561
20130920,0.116461373
20130927,0.097683779
20131004,0.156542913
20131011,0.153502005
20131018,0.027239936
20131025,0.232400047
20131101,0.216582713
20131108,0.240165081
20131115,0.178071993
20131122,0.196919303
20131129,0.191442123
20131206,0.164898353
20131213,0.149509318
20131220,0.109408891
20131227,0.122041945
20140103,0.149055158
20140110,0.132786109
20140117,0.091220015
20140124,0.086335298
20140131,0.116687992
20140207,0.143915555
20140214,0.125724895
20140221,0.108174845
20140228,0.132073869
20140307,0.112509334
20140314,0.115243965
20140321,0.131033414
20140328,0.132705921
20140404,0.130132627
20140411,0.127101287
20140418,0.128394198
20140425,0.134777726
20140502,0.146585899
20140509,0.139459221
20140516,0.151516316
20140523,0.151129192
20140530,0.149717193
20140606,0.134255823
20140613,0.155242218
20140620,0.142960461
20140627,0.159231913
20140704,0.149220527
20140711,0.160909603
20140718,0.126777093
20140725,0.138123226
20140801,0.122651182
20140808,0.151421201
20140815,0.166153634
20140822,0.167035605
20140829,0.191121096
20140905,0.181856432
20140912,0.179264514
20140919,0.170983976
20140926,0.180758907
20141003,0.159878076
20141010,0.115642576
20141017,0.139115431
20141024,0.141417834
20141031,0.125473243
20141107,0.143563046
20141114,0.131115655
20141121,0.156948159
20141128,0.16120423
20141205,0.170273593
20141212,0.199113001
20141219,0.193502974
20141226,0.200020383
20150102,0.203942374
20150109,0.208542418
20150116,0.191029449
20150123,0.153087275
20150130,0.191707047
20150206,0.167943579
20150213,0.145440297
20150220,0.145284977
20150227,0.136820781
20150306,0.134267683
20150313,0.151455613
20150320,0.143505899
20150327,0.140520346
20150403,0.139898811
20150410,0.142180937
20150417,0.196270329
20150424,0.183454003
20150501,0.203951884
20150508,0.198764728
20150515,0.178978016
20150522,0.187080767
20150529,0.179641229
20150605,0.188154876
20150612,0.187498031
20150619,0.19391324
20150626,0.198451054
20150703,0.199539178
20150710,0.200468249
20150717,0.202019082
20150724,0.189775901
20150731,0.187904112
20150807,0.215102344
20150814,0.195288081
20150821,0.185035886
20150828,0.234158754
20150904,0.242240147
20150911,0.214040583
20150918,0.218987981
20150925,0.238565052
20151002,0.244054356
20151009,0.199919301
20151016,0.226004256
20151023,0.23739596
20151030,0.234199852
20151106,0.232534101
20151113,0.239901844
20151120,0.247135443
20151127,0.218637896
20151204,0.235091287
20151211,0.224858057
20151218,0.231737679
20151225,0.241835326
20160101,0.24070606
20160108,0.239599007
20160115,0.224233559
20160122,0.230276466
20160129,0.230315589
20160205,0.225201803
20160212,0.26094769
20160219,0.251610873
20160226,0.275077139
20160304,0.26152389
20160311,0.281038105
20160318,0.263437099
20160325,0.259690576
20160401,0.263769352
20160408,0.267849601
20160415,0.254850799
20160422,0.257741972
20160429,0.258567737
20160506,0.275691069
20160513,0.2771918
20160520,0.283045554
20160527,0.276304815
20160603,0.277355041
20160610,0.27516118
20160617,0.273557697
20160624,0.24251678
20160701,0.269147031
20160708,0.258766425
20160715,0.267842113
20160722,0.263301092
20160729,0.236228697
20160805,0.235503049
20160812,0.226938294
20160819,0.225747152
20160826,0.185325286
20160902,0.177469016
20160909,0.18555162
20160916,0.205570975
20160923,0.205203422
20160930,0.220443479
20161007,0.230385198
20161014,0.232701343
20161021,0.232970377
20161028,0.221341079
20161104,0.232312059
20161111,0.24346881
20161118,0.216793656
20161125,0.247360744
20161202,0.239002588
20161209,0.223109254
20161216,0.215053075
20161223,0.242297188
20161230,0.230061944
20170106,0.226212318
20170113,0.221981268
20170120,0.221703271
20170127,0.223357345
20170203,0.232547066
20170210,0.198281989
20170217,0.214036966
20170224,0.196725085
20170303,0.200025415
20170310,0.199852548
20170317,0.176443081
20170324,0.204689959
20170331,0.188182035
20170407,0.186137404
20170414,0.204911855
20170421,0.197953449
20170428,0.15573958
20170505,0.129541472
20170512,0.169799275
20170519,0.177688274
20170526,0.193078945
20170602,0.178558153
20170609,0.185312064
20170616,0.187377348
20170623,0.189441552
20170630,0.193497972
20170707,0.197960511
20170714,0.182924916
20170721,0.195465929
20170728,0.187420766
20170804,0.192105211
20170811,0.187561762
20170818,0.178127653
20170825,0.17489298
20170901,0.16653156
20170908,0.174831345
20170915,0.152668841
20170922,0.151190066
20170929,0.166179727
20171006,0.172830842
20171013,0.166528871
20171020,0.188737192
20171027,0.193618355
20171103,0.19079826
20171110,0.190396534
20171117,0.163166381
20171124,0.165402087
20171201,0.15158964
20171208,0.170224213
20171215,0.138886041
20171222,0.190847624
20171229,0.178088902
20180105,0.189553611
20180112,0.209313838
20180119,0.189315864
20180126,0.180223022
20180202,0.160267786
20180209,0.163894287
20180216,0.175430887
20180223,0.190103523
20180302,0.183414778
20180309,0.151847475
20180316,0.131445055
20180323,0.125562148
20180330,0.161171864
20180406,0.151878157
20180413,0.159933074
20180420,0.136855862
20180427,0.169964064
20180504,0.179982798
20180511,0.15814578
20180518,0.162970101
20180525,0.162405678
20180601,0.153774599
20180608,0.141366243
20180615,0.162372599
20180622,0.117304974
20180629,0.147224426
20180706,0.137610402
20180713,0.136799099
20180720,0.12575983
20180727,0.108764117
20180803,0.131192136
20180810,0.112837306
20180817,0.127866959
20180824,0.139323038
20180831,0.121943458
20180907,0.10917966
20180914,0.138711073
20180921,0.152101377
20180928,0.149472285
20181005,0.138336792
20181012,0.150873081
20181019,0.141441133
20181026,0.127214816
20181102,0.154892811
20181109,0.155117694
20181116,0.146668803
20181123,0.152184477
20181130,0.188145448
20181207,0.182978566
20181214,0.154460118
20181221,0.181912606
20181228,0.177411462
20190104,0.173758096
20190111,0.177277951
20190118,0.183305125
20190125,0.178641495
20190201,0.178730596
20190208,0.185035728
20190215,0.181850555
20190222,0.160302305
20190301,0.184839266
20190308,0.178910469
20190315,0.170758574
20190322,0.193158996
20190329,0.1919608
20190405,0.180904644
20190412,0.19121428
20190419,0.201376523
20190426,0.201466597
20190503,0.207964899
20190510,0.197090598
20190517,0.20352225
20190524,0.189857127
20190531,0.180345303
20190607,0.190665464
20190614,0.174276459
20190621,0.197327824
20190628,0.179618644
20190705,0.21343869
20190712,0.196162421
20190719,0.209998693
20190726,0.222953156
20190802,0.195391069
20190809,0.208774595
20190816,0.19066273
20190823,0.201254202
20190830,0.196513537
20190906,0.206297605
20190913,0.209494534
20190920,0.200921856
20190927,0.206551215
20191004,0.199460347
20191011,0.174291273
20191018,0.208280304
20191025,0.252523182
20191101,0.25891496
20191108,0.271907739
20191115,0.271664256
20191122,0.256482292
20191129,0.25717857
20191206,0.257203152
20191213,0.238882582
20191220,0.236036537
20191227,0.228213029
20200103,0.26105188
20200110,0.248017554
20200117,0.223545908
20200124,0.221262824
20200131,0.245147805
20200207,0.232979988
20200214,0.209902062
20200221,0.23392882
20200228,0.25936627
20200306,0.24702251
20200313,0.219960904
20200320,0.199010122
20200327,0.201546831
20200403,0.152359785
20200410,0.153244342
20200417,0.155363276
20200424,0.149860566
20200501,0.128972481
20200508,0.137141473
20200515,0.159919251
20200522,0.128273712
20200529,0.16010688
20200605,0.163559572
20200612,0.156012187
20200619,0.160478655
20200626,0.14643702
20200703,0.147125468
20200710,0.147144169
20200717,0.144581392
20200724,0.133970454
20200731,0.154498362
20200807,0.142823733
20200814,0.143035431
20200821,0.129170915
20200828,0.146142674
20200904,0.139966988
20200911,0.141342148
20200918,0.162451065
20200925,0.146653968
20201002,0.170997786
20201009,0.162116004
20201016,0.153147179
20201023,0.163308136
20201030,0.15196082
20201106,0.151314591
20201113,0.154616492
20201120,0.151888969
20201127,0.168981775
20201204,0.165657835
20201211,0.144718785
20201218,0.156463695
20201225,0.193723136
