,Mkt-RF,SMB,HML,RF,,
19920103,0.0312,0.0113,0.0049,0.00085,,
19920110,0.0002,0.0386,-0.0098,0.00085,,
19920117,0.0093,0.0166,0.036,0.00085,,
19920124,-0.0074,0.0071,0.0005,0.00085,,
19920131,-0.0126,0.016,0.0111,0.00085,,
19920207,0.0096,0.0112,0.0121,0.00071,,
19920214,0.0031,0.0009,0.025,0.00071,,
19920221,-0.0047,-0.0048,0.0268,0.00071,,
19920228,0.0029,0.0013,-0.0018,0.00071,,
19920306,-0.0206,0.0021,0.0083,0.00084,,
19920313,0.0028,-0.0056,0.0012,0.00084,,
19920320,0.0111,-0.0062,0.0196,0.00084,,
19920327,-0.0191,-0.0005,0.0024,0.00084,,
19920403,-0.0106,-0.0115,0.0002,0.00081,,
19920410,0.0031,-0.0144,0.0056,0.00081,,
19920417,0.0235,-0.0236,0.0209,0.00081,,
19920424,-0.0195,-0.006,0.0267,0.00081,,
19920501,0.0091,-0.0004,-0.0067,0.00069,,
19920508,0.0101,-0.0003,0.0034,0.00069,,
19920515,-0.0143,0.0013,0.0115,0.00069,,
19920522,0.008,-0.0019,0.0014,0.00069,,
19920529,0.0039,-0.0007,-0.0037,0.00069,,
19920605,-0.0046,0.0045,0.0162,0.0008,,
19920612,-0.013,-0.0136,0.0133,0.0008,,
19920619,-0.0185,-0.0173,0.0065,0.0008,,
19920626,-0.0024,-0.0099,0.0021,0.0008,,
19920703,0.0223,-0.0013,-0.0105,0.00077,,
19920710,0.0062,-0.0064,0.0053,0.00077,,
19920717,0.0021,0.0081,-0.0095,0.00077,,
19920724,-0.0083,0.0019,0.0049,0.00077,,
19920731,0.0295,-0.0027,-0.005,0.00077,,
19920807,-0.0099,0.0073,-0.0076,0.00065,,
19920814,0.0009,-0.0052,0.0017,0.00065,,
19920821,-0.012,-0.0005,-0.0018,0.00065,,
19920828,-0.0019,-0.0041,-0.0047,0.00065,,
19920904,0.0075,0.0055,-0.0099,0.00064,,
19920911,0.0067,0.0034,-0.0126,0.00064,,
19920918,0.007,-0.0029,0,0.00064,,
19920925,-0.0188,0.0035,0.0166,0.00064,,
19921002,-0.0094,-0.0025,0.0102,0.00057,,
19921009,-0.0146,0.0087,-0.0064,0.00057,,
19921016,0.0199,-0.004,-0.0092,0.00057,,
19921023,0.0095,0.0128,-0.0037,0.00057,,
19921030,0.0129,0.0027,-0.0058,0.00057,,
19921106,0.0028,0.0117,-0.0019,0.00059,,
19921113,0.0147,0.0168,-0.0177,0.00059,,
19921120,0.01,0.0018,-0.0038,0.00059,,
19921127,0.0096,0.0034,0.004,0.00059,,
19921204,0.0064,0.0115,0.0074,0.0007,,
19921211,0.0018,-0.006,0.0054,0.0007,,
19921218,0.0124,-0.0126,0.0032,0.0007,,
19921225,-0.0011,0.004,0.0116,0.0007,,
19930101,-0.0011,0.0209,0.0033,0.0007,,
19930108,-0.0152,0.0113,0.0141,0.00058,,
19930115,0.0201,0.0007,0.0058,0.00058,,
19930122,0.0015,0.0095,0.0267,0.00058,,
19930129,0.0031,-0.0019,0.0128,0.00058,,
19930205,0.0216,-0.0138,0.022,0.00055,,
19930212,-0.0098,0.0008,0.0123,0.00055,,
19930219,-0.0289,-0.0101,0.0285,0.00055,,
19930226,0.0192,-0.0119,0.0016,0.00055,,
19930305,0.0093,0.0075,-0.0008,0.00063,,
19930312,0.0103,0.0041,-0.0033,0.00063,,
19930319,-0.0032,-0.0081,0.02,0.00063,,
19930326,-0.0037,-0.0012,0.0073,0.00063,,
19930402,-0.0141,0.0056,0.0003,0.00059,,
19930409,-0.0025,-0.0126,0.0264,0.00059,,
19930416,0.0138,-0.0136,0.0223,0.00059,,
19930423,-0.0238,0.0196,-0.0242,0.00059,,
19930430,0.0058,-0.0057,-0.0085,0.00059,,
19930507,0.01,0.0168,-0.0205,0.00054,,
19930514,-0.0066,0.0071,-0.0021,0.00054,,
19930521,0.0153,-0.0011,-0.0203,0.00054,,
19930528,0.01,-0.0031,0.0084,0.00054,,
19930604,-0.0002,0.0044,0.0095,0.00063,,
19930611,-0.0093,-0.0059,-0.0004,0.00063,,
19930618,-0.0059,0.0036,0.0101,0.00063,,
19930625,0.0086,-0.0105,0.0061,0.00063,,
19930702,0.0026,0.0143,0.0011,0.0006,,
19930709,0.004,-0.0026,0.0056,0.0006,,
19930716,-0.0039,0.0091,0.0081,0.0006,,
19930723,-0.0009,-0.0094,0.0036,0.0006,,
19930730,0.004,0.0003,0.0075,0.0006,,
19930806,0.0044,0.0034,-0.0046,0.00063,,
19930813,0.0032,-0.0014,0.0095,0.00063,,
19930820,0.014,0,-0.0089,0.00063,,
19930827,0.0076,-0.0021,0.0055,0.00063,,
19930903,0.0061,0.012,-0.0019,0.00064,,
19930910,-0.0021,-0.0086,0.0036,0.00064,,
19930917,-0.0056,0.005,0.0052,0.00064,,
19930924,0.0019,0.0107,-0.0157,0.00064,,
19931001,0.0089,0.0083,0.0083,0.00055,,
19931008,-0.0023,0.0083,-0.0043,0.00055,,
19931015,0.0198,0.0078,-0.0274,0.00055,,
19931022,-0.0155,0.0014,0.0065,0.00055,,
19931029,0.0088,0.0064,-0.0052,0.00055,,
19931105,-0.0197,-0.0001,-0.0145,0.00062,,
19931112,0.0148,0.0055,-0.0074,0.00062,,
19931119,-0.013,-0.0129,0.0076,0.00062,,
19931126,0.0018,-0.0098,0.0076,0.00062,,
19931203,0.0068,0.0094,-0.0081,0.00057,,
19931210,-0.0025,-0.0033,0.0096,0.00057,,
19931217,0.0024,-0.0089,0.0059,0.00057,,
19931224,0.0009,-0.0058,0.0005,0.00057,,
19931231,0.0057,0.0251,-0.0066,0.00057,,
19940107,0.0041,0.001,0.0032,0.00063,,
19940114,0.0105,-0.0012,-0.0033,0.00063,,
19940121,-0.0007,0.0117,-0.0023,0.00063,,
19940128,0.0088,-0.0079,0.01,0.00063,,
19940204,-0.0182,0.0083,0.0009,0.00053,,
19940211,0.0019,0.0059,-0.0041,0.00053,,
19940218,-0.0029,0.0109,-0.0081,0.00053,,
19940225,-0.0042,-0.0035,-0.0004,0.00053,,
19940304,-0.0006,0.005,-0.0047,0.00067,,
19940311,0.003,0.0016,0.0031,0.00067,,
19940318,0.0123,0.0072,-0.0005,0.00067,,
19940325,-0.0204,0.0048,0.0102,0.00067,,
19940401,-0.039,-0.0231,0.0075,0.00067,,
19940408,0.0057,0.0106,-0.0059,0.00068,,
19940415,-0.0075,-0.0156,0.0192,0.00068,,
19940422,-0.0009,-0.0188,0.0066,0.00068,,
19940429,0.0095,0.0153,-0.0041,0.00068,,
19940506,-0.0067,0.0065,-0.0052,0.00079,,
19940513,-0.0131,-0.0071,0.0008,0.00079,,
19940520,0.0216,-0.0171,0.005,0.00079,,
19940527,0.0066,-0.0034,0.0055,0.00079,,
19940603,0.007,0.0027,-0.0034,0.00078,,
19940610,-0.0043,-0.0025,0.0113,0.00078,,
19940617,-0.0017,0.0023,0.0031,0.00078,,
19940624,-0.0379,-0.0067,0.0103,0.00078,,
19940701,0.0092,0.002,-0.0018,0.00069,,
19940708,0.0058,-0.0064,-0.0017,0.00069,,
19940715,0.0121,0.004,-0.0016,0.00069,,
19940722,-0.0039,-0.0047,0.005,0.00069,,
19940729,0.0095,-0.0069,0.0003,0.00069,,
19940805,-0.0021,-0.0001,0.006,0.00092,,
19940812,0.0113,0.0018,-0.0125,0.00092,,
19940819,0.0051,0.0083,-0.0102,0.00092,,
19940826,0.0206,-0.0014,-0.0133,0.00092,,
19940902,-0.0039,0.0101,0.0057,0.00091,,
19940909,-0.0048,0.0102,-0.0052,0.00091,,
19940916,0.0073,0.0079,-0.0088,0.00091,,
19940923,-0.0254,0.0042,0.0028,0.00091,,
19940930,0.0079,0.0029,-0.0081,0.00091,,
19941007,-0.0175,-0.003,0,0.00096,,
19941014,0.0256,-0.0104,-0.011,0.00096,,
19941021,-0.0086,0.0022,-0.0013,0.00096,,
19941028,0.0161,-0.0125,-0.0064,0.00096,,
19941104,-0.0187,0.0147,-0.0012,0.00092,,
19941111,-0.0032,-0.0074,-0.0061,0.00092,,
19941118,-0.0033,0.0033,-0.0151,0.00092,,
19941125,-0.0215,-0.0096,0.0133,0.00092,,
19941202,0.0003,0.0011,0.0023,0.00111,,
19941209,-0.0189,-0.0177,0.0109,0.00111,,
19941216,0.0244,-0.0079,-0.0013,0.00111,,
19941223,0.0051,0.0119,-0.0098,0.00111,,
19941230,0.0016,0.0203,-0.0021,0.00111,,
19950106,0.0017,-0.0126,0.016,0.00104,,
19950113,0.0107,-0.004,0.0025,0.00104,,
19950120,-0.0022,0.0021,-0.0023,0.00104,,
19950127,0.0079,-0.0162,0.0086,0.00104,,
19950203,0.0176,-0.0126,0.0039,0.00099,,
19950210,0.0083,0.0121,-0.0088,0.00099,,
19950217,-0.0003,-0.0042,0.0066,0.00099,,
19950224,0.0095,-0.0068,0.0095,0.00099,,
19950303,-0.0033,0.0081,-0.0101,0.00115,,
19950310,0.0047,-0.0057,-0.0123,0.00115,,
19950317,0.0095,-0.0034,-0.0053,0.00115,,
19950324,0.009,-0.0048,-0.0032,0.00115,,
19950331,0.0009,0.0056,0.0087,0.00115,,
19950407,0.0071,-0.0145,0.0175,0.00111,,
19950414,0.0073,0.0097,-0.0074,0.00111,,
19950421,-0.0049,-0.0036,0.0111,0.00111,,
19950428,0.0115,0.0031,-0.0047,0.00111,,
19950505,0.0068,-0.0146,0.0091,0.00134,,
19950512,0.0128,0.0012,0.0004,0.00134,,
19950519,-0.0106,0.0124,0.0041,0.00134,,
19950526,0.0068,-0.0073,0.0078,0.00134,,
19950602,0.0136,-0.0138,0.0096,0.00118,,
19950609,-0.0058,0.0234,-0.0154,0.00118,,
19950616,0.0216,-0.0009,-0.0141,0.00118,,
19950623,0.0178,-0.0068,-0.0036,0.00118,,
19950630,-0.0083,0.0115,-0.0008,0.00118,,
19950707,0.0221,-0.0042,-0.0032,0.00113,,
19950714,0.0084,0.014,-0.0097,0.00113,,
19950721,-0.0141,0.0015,0.003,0.00113,,
19950728,0.0214,0.006,-0.0064,0.00113,,
19950804,-0.008,0.0041,0.0126,0.00116,,
19950811,-0.0032,0.0093,-0.002,0.00116,,
19950818,0.0116,0.0061,-0.0029,0.00116,,
19950825,0,-0.0006,0.0067,0.00116,,
19950901,0.0064,-0.0041,0.016,0.00108,,
19950908,0.0191,0.007,-0.0115,0.00108,,
19950915,0.0131,-0.015,0.0066,0.00108,,
19950922,-0.0035,-0.0007,-0.0134,0.00108,,
19950929,0.0015,-0.0123,0.0161,0.00108,,
19951006,-0.0098,-0.0243,0.0178,0.00118,,
19951013,0.0042,-0.0073,0.0055,0.00118,,
19951020,0.0034,0.0011,-0.0118,0.00118,,
19951027,-0.0166,-0.0114,-0.0067,0.00118,,
19951103,0.0223,0.0011,-0.0089,0.00105,,
19951110,0.0025,0.0032,-0.0018,0.00105,,
19951117,0.0071,-0.01,0.0017,0.00105,,
19951124,-0.003,-0.0065,0.0096,0.00105,,
19951201,0.0146,0.0063,-0.004,0.00122,,
19951208,0.0114,-0.0085,-0.0028,0.00122,,
19951215,-0.007,0.0022,0.0034,0.00122,,
19951222,-0.0034,0.0084,0.0018,0.00122,,
19951229,0.0078,0.0024,-0.0002,0.00122,,
19960105,-0.0048,-0.0016,0.0024,0.00107,,
19960112,-0.0232,0.0002,0.0088,0.00107,,
19960119,0.0128,-0.0182,0.0026,0.00107,,
19960126,0.0167,0.004,-0.0129,0.00107,,
19960202,0.0227,-0.0036,-0.0085,0.00098,,
19960209,0.027,-0.0187,-0.0042,0.00098,,
19960216,-0.0082,0.0104,0.0067,0.00098,,
19960223,0.0161,-0.0044,-0.0115,0.00098,,
19960301,-0.0202,0.0167,0.0122,0.00098,,
19960308,-0.0155,0.0017,-0.0049,0.00098,,
19960315,0.0142,0.0084,-0.0146,0.00098,,
19960322,0.0114,-0.0001,0.006,0.00098,,
19960329,-0.0052,0.011,0.0112,0.00098,,
19960405,0.014,0,-0.0049,0.00114,,
19960412,-0.027,0.0212,-0.0068,0.00114,,
19960419,0.0149,0.0136,-0.0159,0.00114,,
19960426,0.0179,0.0127,-0.0111,0.00114,,
19960503,-0.0138,0.0216,-0.0032,0.00106,,
19960510,0.0137,-0.0046,0.0023,0.00106,,
19960517,0.0262,0.0041,-0.0114,0.00106,,
19960524,0.0112,0.0024,0.0023,0.00106,,
19960531,-0.0127,0.0093,0.0006,0.00106,,
19960607,0.0017,-0.0138,-0.0001,0.001,,
19960614,-0.0105,0.0015,0.0103,0.001,,
19960621,-0.0086,-0.0246,0.0041,0.001,,
19960628,0.0058,-0.0025,0.0087,0.001,,
19960705,-0.0198,0.0034,0.0119,0.00112,,
19960712,-0.0262,-0.0313,0.0318,0.00112,,
19960719,-0.0107,0.0039,-0.0025,0.00112,,
19960726,-0.0087,-0.0206,0.0107,0.00112,,
19960802,0.0388,-0.0128,-0.0084,0.00103,,
19960809,-0.0006,0.0086,-0.0015,0.00103,,
19960816,0.0061,-0.0041,0.008,0.00103,,
19960823,0.003,0.0045,0.0001,0.00103,,
19960830,-0.0154,0.0258,-0.0028,0.00103,,
19960906,0.0028,-0.0014,0.0041,0.00109,,
19960913,0.034,-0.0148,-0.0136,0.00109,,
19960920,0.0086,-0.0015,-0.0113,0.00109,,
19960927,0.0019,0.0077,-0.007,0.00109,,
19961004,0.0188,-0.0141,0.0072,0.00106,,
19961011,-0.0033,0.0008,0.0032,0.00106,,
19961018,0.0094,-0.0127,0.006,0.00106,,
19961025,-0.0166,-0.0033,0.0215,0.00106,,
19961101,0.0004,-0.0183,0.0145,0.00102,,
19961108,0.0332,-0.0206,-0.0082,0.00102,,
19961115,0.0078,-0.0047,0.0048,0.00102,,
19961122,0.0112,-0.0105,0.0151,0.00102,,
19961129,0.0106,-0.0004,0,0.00102,,
19961206,-0.0183,0.0212,0,0.00115,,
19961213,-0.0144,0.0132,0.0033,0.00115,,
19961220,0.0202,-0.0205,0.0107,0.00115,,
19961227,0.0083,-0.0058,-0.001,0.00115,,
19970103,-0.0069,0.0204,-0.0075,0.00112,,
19970110,0.0152,0.001,-0.006,0.00112,,
19970117,0.0179,-0.0138,0.0053,0.00112,,
19970124,-0.0057,0.0065,-0.0017,0.00112,,
19970131,0.0148,-0.0109,-0.0036,0.00112,,
19970207,0.0002,-0.013,0.0169,0.00096,,
19970214,0.0199,-0.0202,0.0109,0.00096,,
19970221,-0.0105,0.002,0.017,0.00096,,
19970228,-0.0141,-0.0022,0.0126,0.00096,,
19970307,0.0164,-0.0094,0.0082,0.00107,,
19970314,-0.0154,0.0021,0.007,0.00107,,
19970321,-0.0163,-0.0119,0.0163,0.00107,,
19970328,-0.0131,0.0073,-0.0045,0.00107,,
19970404,-0.0216,0.0015,-0.0017,0.00108,,
19970411,-0.0231,0.0168,0.0113,0.00108,,
19970418,0.0288,-0.0258,0.0003,0.00108,,
19970425,-0.0082,-0.012,0.0051,0.00108,,
19970502,0.061,-0.0169,-0.0145,0.00123,,
19970509,0.0157,0.0091,-0.012,0.00123,,
19970516,0.0063,0.0049,-0.0012,0.00123,,
19970523,0.0205,0.0086,-0.0128,0.00123,,
19970530,0.0042,0.0102,-0.0021,0.00123,,
19970606,0.0118,0.004,0.01,0.00092,,
19970613,0.0334,-0.0257,0.0057,0.00092,,
19970620,0.007,-0.0009,0.0019,0.00092,,
19970627,-0.0106,0.0169,0.0039,0.00092,,
19970704,0.0282,-0.0131,-0.0044,0.00107,,
19970711,0.0038,0.0123,-0.0033,0.00107,,
19970718,0.0013,0.0135,-0.0079,0.00107,,
19970725,0.0205,-0.0133,-0.0017,0.00107,,
19970801,0.01,-0.0015,0.014,0.00103,,
19970808,-0.0122,0.0204,-0.003,0.00103,,
19970815,-0.0282,0.0147,0.0156,0.00103,,
19970822,0.0204,-0.0031,-0.0097,0.00103,,
19970829,-0.0156,0.0353,0.007,0.00103,,
19970905,0.0291,-0.0066,-0.001,0.00111,,
19970912,-0.0009,0.0193,0.0086,0.00111,,
19970919,0.0251,-0.0106,-0.0034,0.00111,,
19970926,-0.004,0.015,-0.0015,0.00111,,
19971003,0.0196,0.0004,0.0038,0.00105,,
19971010,0.0047,0.0134,-0.0059,0.00105,,
19971017,-0.0256,-0.0097,0.0131,0.00105,,
19971024,-0.0026,-0.0026,0.006,0.00105,,
19971031,-0.0314,-0.0026,0.0062,0.00105,,
19971107,0.0107,-0.0098,0.0006,0.00098,,
19971114,-0.0041,-0.0118,0.0011,0.00098,,
19971121,0.0315,-0.0228,0.001,0.00098,,
19971128,-0.0082,-0.0074,0.0106,0.00098,,
19971205,0.0276,-0.018,0.0036,0.00119,,
19971212,-0.0335,-0.0095,0.03,0.00119,,
19971219,-0.0067,-0.0075,0.0061,0.00119,,
19971226,-0.0093,0.0084,0.0123,0.00119,,
19980102,0.0381,0.0001,-0.0183,0.00107,,
19980109,-0.0493,0.0031,0.0026,0.00107,,
19980116,0.0337,-0.0083,-0.0039,0.00107,,
19980123,-0.0043,0.0028,-0.0047,0.00107,,
19980130,0.0211,-0.0082,-0.0058,0.00107,,
19980206,0.0332,-0.0008,-0.0093,0.00098,,
19980213,0.0099,0.0095,0.0023,0.00098,,
19980220,0.0109,-0.009,-0.0001,0.00098,,
19980227,0.0146,0.0031,0,0.00098,,
19980306,0.0055,-0.0045,0.0124,0.00099,,
19980313,0.0129,-0.0028,0.0005,0.00099,,
19980320,0.0244,-0.0186,0.0098,0.00099,,
19980327,-0.002,0.0119,-0.0052,0.00099,,
19980403,0.0219,-0.003,-0.0073,0.00107,,
19980410,-0.0107,-0.0043,0.0175,0.00107,,
19980417,0.0124,0.0002,0.0037,0.00107,,
19980424,-0.0142,0.0108,-0.0051,0.00107,,
19980501,0.0094,-0.0056,-0.0023,0.00101,,
19980508,-0.0104,0.0032,-0.0009,0.00101,,
19980515,-0.0041,-0.0127,0.0105,0.00101,,
19980522,-0.005,-0.0173,0.01,0.00101,,
19980529,-0.0175,-0.0031,0.0128,0.00101,,
19980605,0.015,-0.0251,0.0056,0.00102,,
19980612,-0.0157,-0.0102,0.0007,0.00102,,
19980619,0.0009,-0.0055,-0.0054,0.00102,,
19980626,0.0282,-0.0011,-0.0144,0.00102,,
19980703,0.0125,-0.0023,0.0007,0.001,,
19980710,0.0137,-0.0111,-0.0104,0.001,,
19980717,0.017,-0.0038,-0.0177,0.001,,
19980724,-0.0417,-0.0058,0.0004,0.001,,
19980731,-0.022,-0.0223,0.0073,0.001,,
19980807,-0.0253,0.0114,0.0061,0.00107,,
19980814,-0.0255,-0.0068,0.0074,0.00107,,
19980821,0.0079,-0.0306,-0.0067,0.00107,,
19980828,-0.0603,-0.0386,0.0112,0.00107,,
19980904,-0.0521,0.0103,0.0045,0.00114,,
19980911,0.0313,-0.0161,-0.0145,0.00114,,
19980918,0.0162,-0.0018,0.008,0.00114,,
19980925,0.021,-0.0115,-0.009,0.00114,,
19981002,-0.0425,-0.0087,0.023,0.00081,,
19981009,-0.0335,-0.0684,0.0105,0.00081,,
19981016,0.0761,-0.005,-0.0294,0.00081,,
19981023,0.0196,0.0681,-0.0208,0.00081,,
19981030,0.0295,0.0054,-0.0037,0.00081,,
19981106,0.0421,0.0214,-0.0112,0.00077,,
19981113,-0.0142,-0.0077,0.0038,0.00077,,
19981120,0.0306,-0.0182,-0.0151,0.00077,,
19981127,0.0252,0.0038,-0.0128,0.00077,,
19981204,-0.0134,0.0007,0.0037,0.00094,,
19981211,-0.0108,0.0053,-0.0136,0.00094,,
19981218,0.0162,-0.0141,-0.0077,0.00094,,
19981225,0.0321,-0.0085,-0.0162,0.00094,,
19990101,0.0121,0.0264,-0.0017,0.00094,,
19990108,0.0342,-0.0058,-0.0046,0.00088,,
19990115,-0.0231,0.0213,-0.0056,0.00088,,
19990122,-0.0146,0.0103,-0.0066,0.00088,,
19990129,0.0395,-0.02,-0.029,0.00088,,
19990205,-0.0319,-0.0065,0.0103,0.00089,,
19990212,-0.0122,-0.0218,0.0018,0.00089,,
19990219,0.0033,-0.0296,0.0095,0.00089,,
19990226,-0.0001,-0.0039,-0.004,0.00089,,
19990305,0.0268,-0.0232,-0.0043,0.00106,,
19990312,0.0135,-0.0147,-0.0007,0.00106,,
19990319,0.0016,-0.0123,-0.0006,0.00106,,
19990326,-0.0123,0.0095,-0.0062,0.00106,,
19990402,0.0099,0.0026,-0.0137,0.00093,,
19990409,0.0376,-0.0079,-0.0239,0.00093,,
19990416,-0.0153,0.0352,0.0343,0.00093,,
19990423,0.0284,-0.0052,-0.0058,0.00093,,
19990430,-0.0127,0.0173,0.0125,0.00093,,
19990507,0.0035,-0.0106,0.0189,0.00085,,
19990514,-0.0013,0.0229,-0.0051,0.00085,,
19990521,-0.0037,0.0194,0.0054,0.00085,,
19990528,-0.0228,0,0.0068,0.00085,,
19990604,0.0144,-0.0048,-0.0101,0.00099,,
19990611,-0.0238,0.0176,0.0112,0.00099,,
19990618,0.0325,-0.0181,-0.0091,0.00099,,
19990625,-0.0182,0.0237,-0.0003,0.00099,,
19990702,0.0573,0.0022,-0.0325,0.00095,,
19990709,0.0068,0.0055,-0.0096,0.00095,,
19990716,0.0113,0.0114,-0.0106,0.00095,,
19990723,-0.0436,0.0008,0.0216,0.00095,,
19990730,-0.0221,0.012,0.0058,0.00095,,
19990806,-0.0287,-0.0153,0.0203,0.00097,,
19990813,0.021,-0.0107,-0.0051,0.00097,,
19990820,0.0056,0.0005,-0.0056,0.00097,,
19990827,0.0094,0.0057,-0.0259,0.00097,,
19990903,0.0074,0.006,-0.0148,0.00097,,
19990910,-0.0017,0.0157,0.0007,0.00097,,
19990917,-0.0144,0.0015,0.0009,0.00097,,
19990924,-0.0415,0.0079,-0.007,0.00097,,
19991001,0.0013,0.0156,-0.0194,0.00097,,
19991008,0.0406,-0.0257,-0.0266,0.00097,,
19991015,-0.061,0.0209,0.025,0.00097,,
19991022,0.039,-0.0273,-0.0223,0.00097,,
19991029,0.0469,-0.0304,-0.014,0.00097,,
19991105,0.0142,0.0163,-0.0092,0.0009,,
19991112,0.0181,0.0151,-0.021,0.0009,,
19991119,0.0226,0.0181,-0.0157,0.0009,,
19991126,-0.002,0.0157,-0.0215,0.0009,,
19991203,0.0131,0.0016,-0.0105,0.00109,,
19991210,-0.0014,0.0315,-0.0338,0.00109,,
19991217,0.0012,0.0006,-0.0018,0.00109,,
19991224,0.0299,0.0038,-0.0182,0.00109,,
19991231,0.0123,0.0357,-0.0029,0.00109,,
20000107,-0.0249,-0.0025,0.0085,0.00103,,
20000114,0.0207,0.0198,-0.0148,0.00103,,
20000121,0.0002,0.0704,-0.0284,0.00103,,
20000128,-0.0571,0.0016,0.0177,0.00103,,
20000204,0.0446,0.0124,-0.029,0.00108,,
20000211,-0.0145,0.063,-0.0283,0.00108,,
20000218,-0.0189,0.0537,-0.012,0.00108,,
20000225,0.0029,0.0266,-0.0176,0.00108,,
20000303,0.0646,0.0264,-0.0135,0.00117,,
20000310,-0.0033,0.0206,-0.0003,0.00117,,
20000317,0.0176,-0.1008,0.0307,0.00117,,
20000324,0.0312,-0.0412,0.0092,0.00117,,
20000331,-0.0329,-0.0546,0.0479,0.00117,,
20000407,0,-0.0124,0.0066,0.00115,,
20000414,-0.1374,-0.087,0.0814,0.00115,,
20000421,0.0613,0.0256,-0.0337,0.00115,,
20000428,0.0229,0.019,0.0115,0.00115,,
20000505,-0.0135,0.0154,0.005,0.00126,,
20000512,-0.0205,-0.0419,0.0364,0.00126,,
20000519,-0.015,-0.0163,0.0117,0.00126,,
20000526,-0.0305,-0.0333,0.0147,0.00126,,
20000602,0.0926,0.035,-0.0547,0.00099,,
20000609,-0.0065,0.047,-0.0124,0.00099,,
20000616,-0.0017,-0.0027,0.0005,0.00099,,
20000623,-0.0115,0.0184,-0.0076,0.00099,,
20000630,0.012,0.039,-0.0219,0.00099,,
20000707,0.0159,-0.0167,0.0167,0.0012,,
20000714,0.0277,0.0018,-0.0094,0.0012,,
20000721,-0.0241,0.0015,0.0144,0.0012,,
20000728,-0.054,-0.0252,0.0652,0.0012,,
20000804,0.0323,-0.0284,0.0179,0.00126,,
20000811,0.0046,-0.0008,0.0141,0.00126,,
20000818,0.0142,0.0044,-0.0134,0.00126,,
20000825,0.0124,0.0168,-0.0282,0.00126,,
20000901,0.0191,0.0107,-0.013,0.00127,,
20000908,-0.0225,-0.0076,0.0362,0.00127,,
20000915,-0.0188,0.0005,0.0238,0.00127,,
20000922,-0.0111,-0.0047,-0.0055,0.00127,,
20000929,-0.0071,-0.0097,0.024,0.00127,,
20001006,-0.0373,-0.0159,0.0335,0.0014,,
20001013,-0.0267,-0.0035,0.0135,0.0014,,
20001020,0.0194,-0.0042,-0.0243,0.0014,,
20001027,-0.0173,-0.0055,0.0319,0.0014,,
20001103,0.0407,0.0109,-0.0127,0.00127,,
20001110,-0.0548,-0.0126,0.056,0.00127,,
20001117,-0.0039,0.0002,0.0202,0.00127,,
20001124,-0.0263,-0.005,0.0218,0.00127,,
20001201,-0.0272,-0.0245,0.0414,0.00126,,
20001208,0.053,-0.0086,-0.0152,0.00126,,
20001215,-0.0476,0.0015,0.0299,0.00126,,
20001222,-0.0114,-0.019,0.052,0.00126,,
20001229,0.0153,0.0195,0.0117,0.00126,,
20010105,-0.0267,0.0171,-0.0037,0.00134,,
20010112,0.0259,0.0368,-0.0382,0.00134,,
20010119,0.0163,0.0097,-0.0282,0.00134,,
20010126,0.0097,-0.01,0.0218,0.00134,,
20010202,-0.0071,0.0057,0.0252,0.00094,,
20010209,-0.0273,0.0064,0.0397,0.00094,,
20010216,-0.0086,0.0051,0.0162,0.00094,,
20010223,-0.0457,-0.0033,0.0228,0.00094,,
20010302,-0.0128,-0.009,0.034,0.00104,,
20010309,-0.0051,-0.0065,0.0217,0.00104,,
20010316,-0.0691,-0.0001,0.0287,0.00104,,
20010323,-0.0087,0.0086,-0.0149,0.00104,,
20010330,0.0151,-0.0026,0.0222,0.00104,,
20010406,-0.0324,-0.0117,0.0138,0.00098,,
20010413,0.0526,0.0011,-0.0373,0.00098,,
20010420,0.052,-0.0115,-0.0352,0.00098,,
20010427,0.0068,0.0219,0.0148,0.00098,,
20010504,0.0158,0.0146,-0.0128,0.00081,,
20010511,-0.0175,0.009,0.0235,0.00081,,
20010518,0.0372,0.0008,-0.0085,0.00081,,
20010525,-0.0067,0.0159,-0.0037,0.00081,,
20010601,-0.0155,-0.0004,0.0229,0.0007,,
20010608,0.0051,0.0144,-0.0179,0.0007,,
20010615,-0.0437,0.0044,0.0283,0.0007,,
20010622,0.006,-0.0177,0.0053,0.0007,,
20010629,0.0086,0.0547,-0.0244,0.0007,,
20010706,-0.0318,-0.0268,0.0266,0.00075,,
20010713,0.0186,-0.0114,0.0192,0.00075,,
20010720,-0.0065,0.01,0.0003,0.00075,,
20010727,-0.0049,-0.0102,0.0053,0.00075,,
20010803,0.0069,-0.0026,0.0065,0.00077,,
20010810,-0.023,-0.0052,0.0117,0.00077,,
20010817,-0.0225,0.018,0.0092,0.00077,,
20010824,0.017,-0.0027,-0.0133,0.00077,,
20010831,-0.04,0.0128,0.0133,0.00077,,
20010907,-0.0435,-0.0039,0.0101,0.00069,,
20010914,0.0032,-0.0108,-0.0052,0.00069,,
20010921,-0.1195,-0.0289,-0.0024,0.00069,,
20010928,0.0743,-0.0235,0.0172,0.00069,,
20011005,0.0292,0.0091,-0.0352,0.00056,,
20011012,0.0218,0.0098,-0.0066,0.00056,,
20011019,-0.0154,0.0221,-0.0164,0.00056,,
20011026,0.0292,0.0118,-0.0295,0.00056,,
20011102,-0.0168,0.0075,0.0103,0.00044,,
20011109,0.0279,-0.0141,-0.0023,0.00044,,
20011116,0.0188,0.0011,0.0224,0.00044,,
20011123,0.0102,0.0076,-0.005,0.00044,,
20011130,-0.0064,0.0145,0.0077,0.00044,,
20011207,0.0202,0.0169,0.0025,0.00037,,
20011214,-0.0287,0.0206,0.0003,0.00037,,
20011221,0.0196,0.0012,0.0028,0.00037,,
20011228,0.0162,0.0052,-0.005,0.00037,,
20020104,0.0105,0.0052,0.0098,0.00035,,
20020111,-0.0214,0.0075,0.0144,0.00035,,
20020118,-0.0183,-0.0108,0.0091,0.00035,,
20020125,0.0058,0.0003,0.0048,0.00035,,
20020201,-0.0085,0.0153,0.001,0.00032,,
20020208,-0.0234,-0.0082,0.0082,0.00032,,
20020215,0.0066,0.0076,-0.0102,0.00032,,
20020222,-0.0141,-0.0007,0.0138,0.00032,,
20020301,0.0379,-0.0194,0.0115,0.00033,,
20020308,0.0315,0.0108,0.002,0.00033,,
20020315,0.0009,0.0037,0.0006,0.00033,,
20020322,-0.0119,0.0207,0.0051,0.00033,,
20020329,-0.0004,0.0091,0.0059,0.00033,,
20020405,-0.0215,0.0019,0.0179,0.00038,,
20020412,-0.0051,0.0355,0.0141,0.00038,,
20020419,0.0126,-0.0045,0.0063,0.00038,,
20020426,-0.0413,0.012,0.0063,0.00038,,
20020503,-0.0013,0.0163,0.0124,0.00036,,
20020510,-0.0179,-0.0205,0.0097,0.00036,,
20020517,0.0465,-0.0061,-0.0259,0.00036,,
20020524,-0.022,-0.0142,0.0159,0.00036,,
20020531,-0.0147,0.0061,-0.0017,0.00036,,
20020607,-0.0351,-0.0036,0.0117,0.00032,,
20020614,-0.0211,0.0075,-0.0148,0.00032,,
20020621,-0.0177,0.019,0.0135,0.00032,,
20020628,0.0001,0.019,-0.0069,0.00032,,
20020705,-0.0075,-0.0319,-0.0069,0.00039,,
20020712,-0.0647,0.0076,0.0069,0.00039,,
20020719,-0.0725,0.013,-0.0062,0.00039,,
20020726,0.0011,-0.0049,-0.0335,0.00039,,
20020802,0.0122,-0.031,0.0025,0.00035,,
20020809,0.048,-0.021,-0.0058,0.00035,,
20020816,0.0233,-0.0115,0.0044,0.00035,,
20020823,0.0122,-0.0033,0.0103,0.00035,,
20020830,-0.0258,-0.006,0.0187,0.00035,,
20020906,-0.0204,0.0148,0.0118,0.00036,,
20020913,-0.0047,0.0031,-0.0007,0.00036,,
20020920,-0.0505,-0.0054,0.008,0.00036,,
20020927,-0.0192,-0.0008,0.001,0.00036,,
20021004,-0.0348,0.0095,-0.0068,0.00034,,
20021011,0.038,-0.0415,-0.029,0.00034,,
20021018,0.058,-0.0039,-0.0122,0.00034,,
20021025,0.0151,0.0003,0.0112,0.00034,,
20021101,0.0063,0.0252,-0.0106,0.00029,,
20021108,-0.0079,0.0026,-0.002,0.00029,,
20021115,0.0177,-0.0008,-0.0082,0.00029,,
20021122,0.0236,0.0106,-0.0078,0.00029,,
20021129,0.0072,0.0102,0.0084,0.00029,,
20021206,-0.0251,0.0046,0.0047,0.00028,,
20021213,-0.0239,-0.0002,0.0108,0.00028,,
20021220,0.0059,-0.0105,0.0015,0.00028,,
20021227,-0.02,0.0141,0,0.00028,,
20030103,0.035,-0.022,0.0047,0.00024,,
20030110,0.0206,-0.003,-0.0025,0.00024,,
20030117,-0.0263,0.0065,0.0137,0.00024,,
20030124,-0.0423,0.0156,-0.0088,0.00024,,
20030131,-0.0066,0.0057,-0.0089,0.00024,,
20030207,-0.0312,0.0028,-0.0052,0.00022,,
20030214,0.0035,-0.0036,-0.0087,0.00022,,
20030221,0.0173,-0.0005,-0.0017,0.00022,,
20030228,-0.0078,-0.0034,0.0024,0.00022,,
20030307,-0.0142,-0.0048,0.0003,0.00025,,
20030314,0.0058,0.0011,-0.0161,0.00025,,
20030321,0.0721,-0.0152,-0.0095,0.00025,,
20030328,-0.0329,0.0194,0.0003,0.00025,,
20030404,0.0168,-0.0019,0.002,0.00024,,
20030411,-0.0114,0.0028,0.0122,0.00024,,
20030418,0.0292,0.0031,-0.0041,0.00024,,
20030425,0.007,0.005,0.002,0.00024,,
20030502,0.037,0.0145,-0.0079,0.00022,,
20030509,0.0053,0.0118,0.0024,0.00022,,
20030516,0.0122,-0.0124,0.0127,0.00022,,
20030523,-0.0081,0.0074,0.0073,0.00022,,
20030530,0.0348,0.0259,-0.0142,0.00022,,
20030606,0.0257,0.0069,-0.0088,0.00025,,
20030613,0.0007,-0.0041,0.0093,0.00025,,
20030620,0.0065,0.0012,-0.002,0.00025,,
20030627,-0.0165,0.014,0.0014,0.00025,,
20030704,0.0111,0.0099,0.0015,0.00017,,
20030711,0.0165,0.022,0.0037,0.00017,,
20030718,-0.007,-0.0083,-0.005,0.00017,,
20030725,0.0056,0.0062,-0.0085,0.00017,,
20030801,-0.0152,0.0167,-0.0018,0.00017,,
20030808,-0.007,-0.0211,-0.0029,0.00017,,
20030815,0.0174,0.022,0.0041,0.00017,,
20030822,0.0071,0.0218,0.0112,0.00017,,
20030829,0.0166,0.0082,0.0042,0.00017,,
20030905,0.0142,0.0113,0.0025,0.00021,,
20030912,-0.0026,0.011,-0.0078,0.00021,,
20030919,0.018,0.0037,0.0046,0.00021,,
20030926,-0.0413,-0.0227,0.0001,0.00021,,
20031003,0.0355,0.016,0.0045,0.00018,,
20031010,0.0099,0.0027,0.0159,0.00018,,
20031017,0.0012,0.006,0.0019,0.00018,,
20031024,-0.0109,-0.012,-0.0081,0.00018,,
20031031,0.0245,0.0174,0.0062,0.00018,,
20031107,0.0068,0.0198,0.0124,0.00018,,
20031114,-0.0044,-0.0103,-0.0088,0.00018,,
20031121,-0.014,-0.0016,0.0046,0.00018,,
20031128,0.0254,0.0111,0.0077,0.00018,,
20031205,-0.0003,-0.0104,-0.0012,0.0002,,
20031212,0.0104,-0.0001,0.0052,0.0002,,
20031219,0.0112,-0.0151,0.0055,0.0002,,
20031226,0.0073,0.0072,0.0035,0.0002,,
20040102,0.0117,-0.0002,0.0065,0.00017,,
20040109,0.0146,0.0135,0.0114,0.00017,,
20040116,0.0173,0.0107,0.01,0.00017,,
20040123,0.0032,0.0037,0.0077,0.00017,,
20040130,-0.0119,-0.0125,-0.0096,0.00017,,
20040206,0.0091,-0.0061,-0.0021,0.00016,,
20040213,0.0047,-0.0029,0.0032,0.00016,,
20040220,-0.0027,-0.0081,0.0028,0.00016,,
20040227,0.0029,0.0027,0.0054,0.00016,,
20040305,0.0125,0.008,0.0039,0.00022,,
20040312,-0.0307,0.0029,-0.0039,0.00022,,
20040319,-0.0112,-0.0118,0.0038,0.00022,,
20040326,-0.0013,0.0064,-0.0018,0.00022,,
20040402,0.034,0.0228,0.0026,0.0002,,
20040409,-0.0015,-0.0001,-0.0015,0.0002,,
20040416,-0.008,-0.0079,-0.0142,0.0002,,
20040423,0.0075,0.0067,-0.0037,0.0002,,
20040430,-0.0315,-0.0241,-0.0121,0.0002,,
20040507,-0.0098,-0.0068,-0.0108,0.00015,,
20040514,-0.0049,-0.0081,-0.0042,0.00015,,
20040521,-0.0011,0.0022,0.0062,0.00015,,
20040528,0.0279,0.0111,0.0068,0.00015,,
20040604,0.0011,-0.0013,-0.0014,0.00021,,
20040611,0.0094,-0.0074,0.0062,0.00021,,
20040618,-0.0015,0.0044,-0.0017,0.00021,,
20040625,0.0039,0.021,0.0071,0.00021,,
20040702,-0.0082,0.0012,0.0126,0.00024,,
20040709,-0.0143,-0.0203,0.0116,0.00024,,
20040716,-0.0109,-0.0105,0.0174,0.00024,,
20040723,-0.0166,-0.0142,0.0059,0.00024,,
20040730,0.0143,0.0087,-0.0102,0.00024,,
20040806,-0.0377,-0.024,0.0231,0.00028,,
20040813,0.0003,-0.0051,0.0004,0.00028,,
20040820,0.035,0.0197,-0.014,0.00028,,
20040827,0.0083,-0.0006,-0.0051,0.00028,,
20040903,0.0055,0.0014,0.0028,0.00029,,
20040910,0.0111,0.014,-0.0088,0.00029,,
20040917,0.0053,0.0005,0.0008,0.00029,,
20040924,-0.0145,0.002,0.0085,0.00029,,
20041001,0.0196,0.0136,-0.0008,0.00028,,
20041008,-0.009,-0.0082,0.0084,0.00028,,
20041015,-0.0122,0.0017,-0.0075,0.00028,,
20041022,-0.0093,0.0078,-0.0054,0.00028,,
20041029,0.0306,-0.0059,0.0031,0.00028,,
20041105,0.032,0.003,-0.0026,0.00039,,
20041112,0.0166,0.01,-0.0007,0.00039,,
20041119,-0.0103,0.0009,0.0071,0.00039,,
20041126,0.0125,0.0114,0.0112,0.00039,,
20041203,0.0086,0.0106,-0.0134,0.00041,,
20041210,-0.0042,-0.0125,0.0034,0.00041,,
20041217,0.008,0.0085,0.0086,0.00041,,
20041224,0.0126,-0.0011,-0.001,0.00041,,
20041231,0.0029,0.0046,0.0005,0.00041,,
20050107,-0.0264,-0.032,0.0038,0.00041,,
20050114,0,0.0044,0.0084,0.00041,,
20050121,-0.0133,0.0023,0.004,0.00041,,
20050128,0.0025,0.0017,0.0031,0.00041,,
20050204,0.029,0.009,0.0043,0.00041,,
20050211,0.0008,-0.0071,0.0041,0.00041,,
20050218,-0.0033,-0.004,0.0059,0.00041,,
20050225,0.0084,0.0018,0.0013,0.00041,,
20050304,0.0084,0.0021,0.0107,0.00053,,
20050311,-0.0177,-0.0095,0.0037,0.00053,,
20050318,-0.0086,-0.0012,0.0125,0.00053,,
20050325,-0.0141,0.0061,-0.0095,0.00053,,
20050401,-0.0002,-0.0097,0.0104,0.00051,,
20050408,0.0059,-0.0066,-0.0029,0.00051,,
20050415,-0.0341,-0.0139,-0.0056,0.00051,,
20050422,0.007,0.0038,0.0027,0.00051,,
20050429,0.0016,-0.0237,0.0023,0.00051,,
20050506,0.0153,0.0137,-0.0008,0.0006,,
20050513,-0.0155,-0.0046,-0.0128,0.0006,,
20050520,0.032,0.0107,-0.0013,0.0006,,
20050527,0.0095,0.0038,0.0053,0.0006,,
20050603,-0.0004,0.0054,0.0065,0.00057,,
20050610,0.002,0.0053,0.0096,0.00057,,
20050617,0.0164,0.0087,0.0062,0.00057,,
20050624,-0.0199,-0.0048,0.0056,0.00057,,
20050701,0.0058,0.0154,0.005,0.00059,,
20050708,0.0163,0.0132,-0.009,0.00059,,
20050715,0.0118,-0.0062,-0.0068,0.00059,,
20050722,0.0056,0.0177,0.0025,0.00059,,
20050729,0.0016,0.0016,0.0019,0.00059,,
20050805,-0.0082,-0.0151,0.0031,0.00075,,
20050812,0.0023,-0.0069,0.0036,0.00075,,
20050819,-0.0096,-0.0032,0.0023,0.00075,,
20050826,-0.0113,0.0052,0.004,0.00075,,
20050902,0.012,0.0071,0.003,0.00071,,
20050909,0.0184,0.0012,-0.0058,0.00071,,
20050916,-0.005,-0.0042,0.0052,0.00071,,
20050923,-0.019,-0.0033,0.0055,0.00071,,
20050930,0.0129,0.0042,-0.0003,0.00071,,
20051007,-0.0272,-0.0032,0.001,0.00068,,
20051014,-0.0102,-0.0065,-0.0059,0.00068,,
20051021,-0.0043,0.0053,-0.0036,0.00068,,
20051028,0.0121,-0.0151,0.0123,0.00068,,
20051104,0.0228,0.014,-0.001,0.00078,,
20051111,0.0111,0.0006,-0.0075,0.00078,,
20051118,0.01,-0.004,-0.0039,0.00078,,
20051125,0.0156,0.0001,-0.0022,0.00078,,
20051202,-0.0012,0.0122,0.0033,0.00079,,
20051209,-0.0044,0.0024,0.0021,0.00079,,
20051216,0.0036,-0.0123,-0.0069,0.00079,,
20051223,0.001,0.0024,-0.001,0.00079,,
20051230,-0.0159,-0.0028,0.0078,0.00079,,
20060106,0.0292,0.0056,-0.002,0.00087,,
20060113,0.0029,0.0106,-0.0017,0.00087,,
20060120,-0.0194,0.0132,0.009,0.00087,,
20060127,0.0187,0.0184,0.0024,0.00087,,
20060203,-0.0135,0.0053,0.0018,0.00084,,
20060210,-0.001,-0.0099,-0.0009,0.00084,,
20060217,0.0154,0.0016,0.0011,0.00084,,
20060224,0.0023,0.004,-0.0001,0.00084,,
20060303,-0.0013,0.0053,-0.0025,0.00092,,
20060310,-0.0084,-0.0092,0.0033,0.00092,,
20060317,0.0202,0.0035,0.0026,0.00092,,
20060324,-0.0012,0.0133,-0.0007,0.00092,,
20060331,-0.0023,0.0205,0.0007,0.00092,,
20060407,-0.0013,-0.011,0.0092,0.00089,,
20060414,-0.0056,-0.001,-0.0009,0.00089,,
20060421,0.0167,0.0076,0.0061,0.00089,,
20060428,-0.0024,-0.0092,0.0088,0.00089,,
20060505,0.0121,0.009,0.0062,0.00108,,
20060512,-0.0286,-0.0239,0.0094,0.00108,,
20060519,-0.0206,-0.009,0.0052,0.00108,,
20060526,0.0085,-0.0024,-0.0007,0.00108,,
20060602,0.007,0.0029,0.0061,0.00099,,
20060609,-0.032,-0.0172,0.0021,0.00099,,
20060616,-0.0032,-0.0115,-0.0021,0.00099,,
20060623,-0.0047,-0.0002,0.0036,0.00099,,
20060630,0.0223,0.0197,0.0045,0.00099,,
20060707,-0.0076,-0.0154,0.0084,0.00099,,
20060714,-0.0282,-0.0153,0.0104,0.00099,,
20060721,-0.001,-0.0189,0.0103,0.00099,,
20060728,0.0307,0.0078,-0.0011,0.00099,,
20060804,0.0007,0.0007,-0.0042,0.00105,,
20060811,-0.013,-0.0168,-0.0004,0.00105,,
20060818,0.0297,0.0186,-0.0155,0.00105,,
20060825,-0.0088,-0.0094,0.002,0.00105,,
20060901,0.0155,0.0187,-0.0048,0.00102,,
20060908,-0.0111,-0.0078,0.0049,0.00102,,
20060915,0.0165,0.0121,-0.0054,0.00102,,
20060922,-0.0066,-0.0086,0.0029,0.00102,,
20060929,0.0147,-0.0056,-0.0016,0.00102,,
20061006,0.0109,0.0064,-0.0023,0.00101,,
20061013,0.014,0.0155,-0.001,0.00101,,
20061020,0.0005,-0.0014,-0.0017,0.00101,,
20061027,0.0062,-0.0042,0.0022,0.00101,,
20061103,-0.0105,-0.0068,0.0025,0.00106,,
20061110,0.0136,0.0082,0.0034,0.00106,,
20061117,0.0153,0.01,-0.0063,0.00106,,
20061124,0.0001,0.0041,-0.0023,0.00106,,
20061201,-0.005,-0.0108,0.0046,0.00101,,
20061208,0.0102,0.0038,0.0019,0.00101,,
20061215,0.0095,-0.0135,0.0151,0.00101,,
20061222,-0.0127,-0.0023,0.0076,0.00101,,
20061229,0.0047,0.0044,0.001,0.00101,,
20070105,-0.0066,-0.0067,-0.0063,0.00111,,
20070112,0.0173,0.0096,-0.011,0.00111,,
20070119,-0.0031,-0.0115,0.005,0.00111,,
20070126,-0.0057,0.0085,0.0013,0.00111,,
20070202,0.0194,0.0061,0.004,0.00096,,
20070209,-0.0065,0.003,0.0036,0.00096,,
20070216,0.0122,-0.0004,-0.0013,0.00096,,
20070223,-0.0005,0.0147,-0.008,0.00096,,
20070302,-0.0462,-0.0149,0.0076,0.00106,,
20070309,0.01,0.0005,-0.0011,0.00106,,
20070316,-0.0118,0.0058,-0.0055,0.00106,,
20070323,0.0348,0.0009,-0.0041,0.00106,,
20070330,-0.0108,0.001,-0.0018,0.00106,,
20070406,0.0155,-0.0002,-0.007,0.00109,,
20070413,0.0058,0.0018,0.0002,0.00109,,
20070420,0.0182,-0.0107,0.0044,0.00109,,
20070427,0.0041,-0.0037,-0.0107,0.00109,,
20070504,0.0069,-0.0045,0.0011,0.00101,,
20070511,-0.0009,-0.0067,0.0044,0.00101,,
20070518,0.0082,-0.015,-0.0031,0.00101,,
20070525,-0.0033,0.0123,-0.0047,0.00101,,
20070601,0.0156,0.0109,-0.0036,0.00099,,
20070608,-0.0199,-0.0002,-0.0015,0.00099,,
20070615,0.0158,-0.0008,-0.0021,0.00099,,
20070622,-0.0198,0.0051,-0.0014,0.00099,,
20070629,0.0001,0.0006,-0.0065,0.00099,,
20070706,0.0188,-0.0001,-0.0066,0.00099,,
20070713,0.0125,-0.0086,-0.0081,0.00099,,
20070720,-0.0134,-0.0042,-0.0136,0.00099,,
20070727,-0.0518,-0.0137,-0.0067,0.00099,,
20070803,-0.019,-0.0084,-0.0151,0.00104,,
20070810,0.014,0.0204,-0.0092,0.00104,,
20070817,-0.0074,-0.0048,0.0183,0.00104,,
20070824,0.0233,-0.007,-0.0044,0.00104,,
20070831,-0.0044,-0.0002,-0.0105,0.00104,,
20070907,-0.0134,-0.005,-0.0028,0.00081,,
20070914,0.0184,-0.0119,-0.0066,0.00081,,
20070921,0.0265,0.0037,0.0002,0.00081,,
20070928,0.0007,-0.0085,-0.0123,0.00081,,
20071005,0.0228,0.0192,0.0012,0.0008,,
20071012,0.0029,-0.009,-0.0076,0.0008,,
20071019,-0.0386,-0.0097,-0.0104,0.0008,,
20071026,0.0217,0.0049,-0.0058,0.0008,,
20071102,-0.0164,-0.0086,-0.0183,0.00085,,
20071109,-0.0368,0.0037,0.0128,0.00085,,
20071116,0.0019,-0.0088,-0.0054,0.00085,,
20071123,-0.0149,-0.0029,-0.002,0.00085,,
20071130,0.028,-0.0148,-0.0035,0.00085,,
20071207,0.0173,0.002,0.0012,0.00068,,
20071214,-0.0263,-0.0118,-0.0068,0.00068,,
20071221,0.0123,0.0247,-0.0051,0.00068,,
20071228,-0.0049,-0.0125,0.0004,0.00068,,
20080104,-0.0476,-0.0151,-0.0006,0.00054,,
20080111,-0.0112,-0.0153,-0.0062,0.00054,,
20080118,-0.0518,0.0136,-0.0009,0.00054,,
20080125,0.0064,0.0083,0.0274,0.00054,,
20080201,0.0505,0.0068,0.026,0.00033,,
20080208,-0.043,0.0046,0.0013,0.00033,,
20080215,0.0126,-0.0122,-0.0013,0.00033,,
20080222,0.0008,-0.0075,0.0008,0.00033,,
20080229,-0.0153,0.0055,-0.0107,0.00033,,
20080307,-0.0296,-0.0062,-0.0034,0.00043,,
20080314,-0.0045,0.0084,-0.0041,0.00043,,
20080321,0.027,-0.0102,0.0159,0.00043,,
20080328,-0.0071,0.0151,-0.0114,0.00043,,
20080404,0.0418,-0.001,-0.0032,0.00044,,
20080411,-0.0265,-0.0088,0.0013,0.00044,,
20080418,0.0396,0.0023,-0.0009,0.00044,,
20080425,0.0045,-0.0074,-0.0071,0.00044,,
20080502,0.0116,-0.0075,0.0098,0.00045,,
20080509,-0.0151,0.0108,-0.0054,0.00045,,
20080516,0.0271,0.0044,-0.0071,0.00045,,
20080523,-0.0322,0.0114,-0.0011,0.00045,,
20080530,0.021,0.0105,-0.0045,0.00045,,
20080606,-0.0241,0.0161,-0.0072,0.00043,,
20080613,-0.0017,-0.004,-0.01,0.00043,,
20080620,-0.028,0.0197,-0.0075,0.00043,,
20080627,-0.0326,-0.0065,-0.0074,0.00043,,
20080704,-0.0194,-0.0309,-0.0087,0.00038,,
20080711,-0.0131,0.0263,-0.026,0.00038,,
20080718,0.0165,0.0009,0.0592,0.00038,,
20080725,-0.0003,0.028,0.0003,0.00038,,
20080801,0.0039,-0.0052,0.0294,0.00032,,
20080808,0.0255,0.0105,0.0032,0.00032,,
20080815,0.0063,0.0292,-0.0059,0.00032,,
20080822,-0.0068,-0.0144,-0.0158,0.00032,,
20080829,-0.0049,0.0017,0.0235,0.00032,,
20080905,-0.0316,0.0011,0.0442,0.00038,,
20080912,0.0048,-0.0066,0.0042,0.00038,,
20080919,0.0087,0.0155,0.056,0.00038,,
20080926,-0.0402,-0.0246,-0.0227,0.00038,,
20081003,-0.096,-0.0179,0.0079,0.0002,,
20081010,-0.18,0.0381,-0.0445,0.0002,,
20081017,0.0461,-0.0393,0.0139,0.0002,,
20081024,-0.0724,-0.0321,-0.0138,0.0002,,
20081031,0.1078,0.0258,0.0084,0.0002,,
20081107,-0.0401,-0.0163,-0.0198,0.00007,,
20081114,-0.0645,-0.0254,-0.0289,0.00007,,
20081121,-0.0876,0.0139,-0.0892,0.00007,,
20081128,0.1261,-0.0075,0.0989,0.00007,,
20081205,-0.0214,-0.0039,0.0259,0,,
20081212,0.0066,0.0122,-0.0351,0,,
20081219,0.0134,0.0191,0.0013,0,,
20081226,-0.0163,0.0016,-0.0082,0,,
20090102,0.0684,-0.0076,0.0138,0,,
20090109,-0.0411,0.0137,-0.023,0,,
20090116,-0.0425,0.0281,-0.0583,0,,
20090123,-0.0253,-0.0237,-0.0248,0,,
20090130,-0.0058,-0.0023,-0.0114,0,,
20090206,0.054,0.0086,-0.0114,0.00003,,
20090213,-0.0442,0.0094,-0.0357,0.00003,,
20090220,-0.0687,0.0022,-0.0566,0.00003,,
20090227,-0.042,-0.0175,0.0293,0.00003,,
20090306,-0.0703,-0.0043,-0.0688,0.00004,,
20090313,0.1069,-0.0151,0.0878,0.00004,,
20090320,0.0176,0.0052,0.0205,0.00004,,
20090327,0.0642,-0.006,0.0389,0.00004,,
20090403,0.0349,0.0269,0.0063,0.00003,,
20090410,0.0175,0,0.0348,0.00003,,
20090417,0.0156,0.0095,0.0194,0.00003,,
20090424,-0.0044,0.015,-0.0236,0.00003,,
20090501,0.0165,0.0044,-0.0135,0.00001,,
20090508,0.0565,-0.0326,0.0791,0.00001,,
20090515,-0.0509,0.0002,-0.0529,0.00001,,
20090522,0.0072,0.0006,-0.0072,0.00001,,
20090529,0.0371,0.0092,-0.0032,0.00001,,
20090605,0.026,0.0368,-0.0115,0.00002,,
20090612,0.006,-0.0139,0.0019,0.00002,,
20090619,-0.027,0.0015,-0.0104,0.00002,,
20090626,-0.0006,0.0112,-0.0064,0.00002,,
20090703,-0.023,-0.0003,-0.0078,0.00003,,
20090710,-0.0215,-0.0112,-0.0139,0.00003,,
20090717,0.0704,0.0037,0.0363,0.00003,,
20090724,0.0438,0.012,0.0107,0.00003,,
20090731,0.0092,0.0047,0.0246,0.00003,,
20090807,0.0247,-0.0073,0.0553,0.00003,,
20090814,-0.0063,-0.007,0.003,0.00003,,
20090821,0.0216,0.011,0.0062,0.00003,,
20090828,0.0019,-0.0018,0.0155,0.00003,,
20090904,-0.0108,0.0001,-0.02,0.00002,,
20090911,0.028,0.0147,0.0165,0.00002,,
20090918,0.0259,0.0112,0.0203,0.00002,,
20090925,-0.023,-0.0051,-0.0187,0.00002,,
20091002,-0.0189,-0.0116,-0.0069,0.00001,,
20091009,0.0472,0.011,0.0285,0.00001,,
20091016,0.0137,-0.0058,-0.0038,0.00001,,
20091023,-0.0087,-0.015,-0.0148,0.00001,,
20091030,-0.0448,-0.0231,-0.0339,0.00001,,
20091106,0.0337,0.0005,0.0012,0,,
20091113,0.0212,-0.0149,0.0073,0,,
20091120,-0.0019,0.0008,-0.0054,0,,
20091127,-0.0009,-0.0067,-0.0122,0,,
20091204,0.0158,0.0265,0.0054,0.00001,,
20091211,0.0012,-0.0036,0.0003,0.00001,,
20091218,-0.0001,0.0184,0.0036,0.00001,,
20091225,0.0235,0.0159,0.0001,0.00001,,
20100101,-0.0101,-0.0023,-0.001,0.00001,,
20100108,0.0289,0.0024,0.039,0.00001,,
20100115,-0.0091,0.0013,-0.0154,0.00001,,
20100122,-0.0357,0.0083,-0.018,0.00001,,
20100129,-0.017,-0.0075,0.0007,0.00001,,
20100205,-0.0081,-0.0071,-0.0012,0,,
20100212,0.0141,0.0233,0.0075,0,,
20100219,0.0318,0.0002,0.0164,0,,
20100226,-0.0037,-0.004,0.0079,0,,
20100305,0.0346,0.0254,0.0117,0.00002,,
20100312,0.0118,0.0036,0.0054,0.00002,,
20100319,0.0061,-0.0116,-0.0073,0.00002,,
20100326,0.0066,0.0003,0.0113,0.00002,,
20100402,0.0102,-0.0034,0.0069,0.00003,,
20100409,0.0163,0.0112,0.0218,0.00003,,
20100416,0.001,0.0269,-0.0055,0.00003,,
20100423,0.0219,0.0171,0.019,0.00003,,
20100430,-0.0262,-0.0067,-0.0139,0.00003,,
20100507,-0.0678,-0.0209,-0.0217,0.00003,,
20100514,0.028,0.0375,0.0006,0.00003,,
20100521,-0.0449,-0.0233,-0.011,0.00003,,
20100528,0.0062,0.0136,0.0099,0.00003,,
20100604,-0.0243,-0.0139,-0.0218,0.00003,,
20100611,0.0246,-0.0045,-0.002,0.00003,,
20100618,0.0241,0.0038,0.0034,0.00003,,
20100625,-0.0352,0.0023,-0.0036,0.00003,,
20100702,-0.0526,-0.0148,-0.0187,0.00004,,
20100709,0.0539,-0.0081,0.0111,0.00004,,
20100716,-0.0136,-0.0121,-0.012,0.00004,,
20100723,0.0391,0.0283,-0.0026,0.00004,,
20100730,-0.0013,-0.0001,0.0103,0.00004,,
20100806,0.0168,-0.0161,-0.0069,0.00003,,
20100813,-0.0401,-0.0248,-0.0056,0.00003,,
20100820,-0.0042,0.0102,-0.0102,0.00003,,
20100827,-0.0051,0.011,-0.0016,0.00003,,
20100903,0.0385,0.0006,0.0074,0.00003,,
20100910,0.0031,-0.0132,-0.0023,0.00003,,
20100917,0.0169,0.0108,-0.0174,0.00003,,
20100924,0.0216,0.0117,-0.0087,0.00003,,
20101001,0.0011,0.0142,-0.0011,0.00003,,
20101008,0.0169,0.0057,0.0009,0.00003,,
20101015,0.0101,0.0126,-0.0202,0.00003,,
20101022,0.0046,-0.0065,0.0036,0.00003,,
20101029,0.0024,-0.0007,-0.0107,0.00003,,
20101105,0.0366,0.0097,0.0143,0.00003,,
20101112,-0.0201,0.0005,-0.0055,0.00003,,
20101119,0.0026,0.008,-0.0065,0.00003,,
20101126,-0.005,0.0206,-0.0157,0.00003,,
20101203,0.03,-0.0024,0.0107,0.00003,,
20101210,0.0148,0.0096,0.0154,0.00003,,
20101217,0.0037,0.0017,-0.0099,0.00003,,
20101224,0.0105,0.0006,0.0149,0.00003,,
20101231,0.0004,-0.0061,0.0065,0.00003,,
20110107,0.0114,-0.0066,0.004,0.00002,,
20110114,0.0176,0.0077,0.0047,0.00002,,
20110121,-0.0125,-0.0312,0.0027,0.00002,,
20110128,-0.0038,0.007,-0.0013,0.00002,,
20110204,0.0277,0.0043,-0.007,0.00003,,
20110211,0.0167,0.01,0.0073,0.00003,,
20110218,0.0108,0.0042,0.006,0.00003,,
20110225,-0.0173,0.0002,0.0001,0.00003,,
20110304,0.0019,0.0031,-0.0068,0.00002,,
20110311,-0.0143,-0.016,0.0093,0.00002,,
20110318,-0.0181,0.008,-0.0001,0.00002,,
20110325,0.0294,0.014,-0.0119,0.00002,,
20110401,0.0159,0.012,-0.0039,0.00001,,
20110408,-0.003,-0.003,-0.0016,0.00001,,
20110415,-0.0069,-0.0017,-0.0116,0.00001,,
20110422,0.0136,0.0019,-0.0122,0.00001,,
20110429,0.0201,0.0011,-0.0022,0.00001,,
20110506,-0.0188,-0.0186,-0.0038,0,,
20110513,-0.0006,0.0064,-0.0146,0,,
20110520,-0.0037,-0.0073,0.0005,0,,
20110527,0.0003,0.0105,-0.0028,0,,
20110603,-0.025,-0.0091,-0.0008,0.00001,,
20110610,-0.0238,-0.0096,0.0003,0.00001,,
20110617,0.0001,0.0003,0.0097,0.00001,,
20110624,0.0022,0.0236,-0.012,0.00001,,
20110701,0.0558,-0.0047,-0.0024,-0.00001,,
20110708,0.0052,0.0115,-0.0173,-0.00001,,
20110715,-0.0215,-0.0029,-0.0029,-0.00001,,
20110722,0.0206,-0.0081,0.0008,-0.00001,,
20110729,-0.0411,-0.0127,0.0082,-0.00001,,
20110805,-0.0774,-0.0221,-0.0028,0.00002,,
20110812,-0.0159,-0.0104,-0.0351,0.00002,,
20110819,-0.0505,-0.016,0.0166,0.00002,,
20110826,0.0501,0.0111,-0.0123,0.00002,,
20110902,-0.0021,-0.0088,-0.0095,0,,
20110909,-0.0156,0.0041,-0.0034,0,,
20110916,0.0547,0.0027,-0.002,0,,
20110923,-0.0677,-0.015,-0.0177,0,,
20110930,-0.0062,-0.0085,0.0235,0,,
20111007,0.0227,0.0027,-0.0153,0,,
20111014,0.0628,0.0213,-0.0017,0,,
20111021,0.0095,-0.018,0.0235,0,,
20111028,0.0409,0.0238,0.0043,0,,
20111104,-0.0228,0.0089,-0.0193,0,,
20111111,0.0061,-0.0104,0.0058,0,,
20111118,-0.0369,0.0048,-0.0022,0,,
20111125,-0.0485,-0.0238,-0.0036,0,,
20111202,0.0768,0.0216,0.0061,0,,
20111209,0.0086,0.0045,0.0015,0,,
20111216,-0.0288,-0.004,0.0059,0,,
20111223,0.0366,-0.0056,0.0153,0,,
20111230,-0.0062,-0.0013,-0.0052,0,,
20120106,0.017,-0.0062,0.0092,0,,
20120113,0.0118,0.009,0.0016,0,,
20120120,0.0213,0.006,-0.0013,0,,
20120127,0.0033,0.0175,-0.0158,0,,
20120203,0.025,0.0163,0.0048,0.00001,,
20120210,-0.0023,-0.0165,-0.0025,0.00001,,
20120217,0.016,0.003,0.0052,0.00001,,
20120224,0.0026,-0.0058,-0.0107,0.00001,,
20120302,0.0005,-0.0335,0.0043,0.00001,,
20120309,0.0032,0.0168,0.0018,0.00001,,
20120316,0.0229,-0.0082,0.0159,0.00001,,
20120323,-0.0044,0.006,-0.0026,0.00001,,
20120330,0.0074,-0.0064,-0.0033,0.00001,,
20120406,-0.0071,-0.0062,-0.0066,0.00001,,
20120413,-0.0205,-0.0019,-0.0019,0.00001,,
20120420,0.0056,0.0022,0.0033,0.00001,,
20120427,0.0187,0.0071,-0.0014,0.00001,,
20120504,-0.0268,-0.0154,-0.0009,0.00002,,
20120511,-0.0099,0.0087,0.0003,0.00002,,
20120518,-0.0447,-0.004,-0.0035,0.00002,,
20120525,0.0195,0.0049,-0.0093,0.00002,,
20120601,-0.0315,-0.0049,0.0025,0.00001,,
20120608,0.0373,0.0012,0.001,0.00001,,
20120615,0.0107,-0.0102,0.0064,0.00001,,
20120622,-0.0035,0.0111,-0.0002,0.00001,,
20120629,0.021,0.0091,-0.0006,0.00001,,
20120706,-0.0026,0.0159,-0.0042,0.00001,,
20120713,-0.0005,-0.0114,0.0072,0.00001,,
20120720,0.0026,-0.0139,-0.0161,0.00001,,
20120727,0.0145,-0.0129,0.0096,0.00001,,
20120803,0.0017,-0.0122,0.008,0.00001,,
20120810,0.0137,0.0067,0.007,0.00001,,
20120817,0.0113,0.0123,-0.0014,0.00001,,
20120824,-0.0055,-0.0104,0.0021,0.00001,,
20120831,-0.0018,0.0047,-0.0015,0.00001,,
20120907,0.0256,0.008,0.0123,0.00002,,
20120914,0.0209,0.0062,0.0178,0.00002,,
20120921,-0.0048,-0.0026,-0.0102,0.00002,,
20120928,-0.0141,-0.0064,-0.0037,0.00002,,
20121005,0.0146,-0.011,0.0143,0.00002,,
20121012,-0.0221,-0.0013,0.0059,0.00002,,
20121019,0.0026,-0.0124,0.017,0.00002,,
20121026,-0.0137,0.0084,-0.0037,0.00002,,
20121102,0.0027,0.0009,0.008,0.00002,,
20121109,-0.0233,0.0006,-0.0073,0.00002,,
20121116,-0.0146,-0.0107,-0.002,0.00002,,
20121123,0.0372,0.0045,0.0008,0.00002,,
20121130,0.0083,0.0154,-0.0043,0.00002,,
20121207,0.0013,-0.0062,0.0128,0.00003,,
20121214,-0.0014,0.0054,0.008,0.00003,,
20121221,0.014,0.0106,0.0137,0.00003,,
20121228,-0.0188,0.0009,0.0016,0.00003,,
20130104,0.048,0.0083,0.0081,0,,
20130111,0.0044,-0.0034,-0.0074,0,,
20130118,0.0098,0.0047,-0.0003,0,,
20130125,0.0127,0.0005,0.0011,0,,
20130201,0.0073,-0.0017,0.0099,0.00001,,
20130208,0.0045,0.0002,-0.0002,0.00001,,
20130215,0.0023,0.0063,0.0119,0.00001,,
20130222,-0.0036,-0.0048,-0.0057,0.00001,,
20130301,0.002,-0.0052,-0.0099,0.00001,,
20130308,0.0247,0.0046,0.0073,0.00001,,
20130315,0.0067,0.0027,0.0097,0.00001,,
20130322,-0.0021,0.0007,-0.0083,0.00001,,
20130329,0.0085,-0.0022,-0.0075,0.00001,,
20130405,-0.0139,-0.0199,0.0017,0.00001,,
20130412,0.0238,0.0004,-0.003,0.00001,,
20130419,-0.0224,-0.0136,-0.0062,0.00001,,
20130426,0.0192,0.0053,0.0138,0.00001,,
20130503,0.0205,0.0024,-0.0002,0,,
20130510,0.0144,0.0067,0.0064,0,,
20130517,0.0214,-0.0009,0.0051,0,,
20130524,-0.0107,0.0015,0.003,0,,
20130531,-0.0076,0.0112,0.0104,0,,
20130607,0.0073,-0.0042,-0.001,0,,
20130614,-0.0093,0.0052,-0.0066,0,,
20130621,-0.0208,0.0058,0.0042,0,,
20130628,0.0111,0.0049,0.0023,0,,
20130705,0.0185,0.0138,0.002,0,,
20130712,0.0302,0.001,-0.0049,0,,
20130719,0.0072,0.004,0.0185,0,,
20130726,0.0012,-0.0015,-0.0036,0,,
20130802,0.0144,-0.0013,-0.009,0,,
20130809,-0.0098,-0.0004,-0.0041,0,,
20130816,-0.0204,0.0008,0.0044,0,,
20130823,0.0061,0.0093,-0.0118,0,,
20130830,-0.0187,-0.0048,-0.0134,0,,
20130906,0.0149,0.0023,0.0043,0,,
20130913,0.0216,0.0028,-0.0039,0,,
20130920,0.0136,0.0055,-0.0063,0,,
20130927,-0.0077,0.0121,-0.0056,0,,
20131004,0.0017,0.0032,0.0016,0.00001,,
20131011,0.0055,-0.0026,0.0139,0.00001,,
20131018,0.0251,0.0015,0.0017,0.00001,,
20131025,0.0072,-0.0015,-0.005,0.00001,,
20131101,-0.0012,-0.0171,0.0025,0.00001,,
20131108,0.0047,0.0009,0.0067,0.00001,,
20131115,0.0171,-0.0002,-0.0096,0.00001,,
20131122,0.0036,0.0017,0.0082,0.00001,,
20131129,0.0035,0.0161,-0.0047,0.00001,,
20131206,-0.0007,-0.0086,-0.0012,0.00001,,
20131213,-0.0146,-0.0075,0.0054,0.00001,,
20131220,0.0257,0.0103,-0.0029,0.00001,,
20131227,0.0135,0.0021,0.0002,0.00001,,
20140103,-0.0042,-0.0007,-0.0002,0.00001,,
20140110,0.0067,0.0056,-0.0146,0.00001,,
20140117,-0.0012,0.0064,-0.0066,0.00001,,
20140124,-0.026,0.0049,-0.0015,0.00001,,
20140131,-0.0044,-0.0088,0,0.00001,,
20140207,0.0056,-0.022,0.0006,0.00001,,
20140214,0.0253,0.0055,0.0002,0.00001,,
20140221,0.0014,0.0159,-0.0092,0.00001,,
20140228,0.0137,0.004,0.0047,0.00001,,
20140307,0.0117,0.0045,0.0163,0.00001,,
20140314,-0.0194,0.0024,-0.0016,0.00001,,
20140321,0.0128,-0.0058,0.0216,0.00001,,
20140328,-0.0101,-0.0289,0.0145,0.00001,,
20140404,0.0033,-0.0029,0.0108,0,,
20140411,-0.0287,-0.0077,-0.0006,0,,
20140418,0.0268,-0.0053,0.0025,0,,
20140425,-0.0034,-0.0108,0.005,0,,
20140502,0.0099,-0.0058,-0.0049,0,,
20140509,-0.0047,-0.0196,0.007,0,,
20140516,0,-0.0018,-0.0118,0,,
20140523,0.0139,0.0076,-0.0008,0,,
20140530,0.0118,-0.0051,0.0019,0,,
20140606,0.016,0.0105,0.0031,0.00001,,
20140613,-0.0052,0.0074,-0.0062,0.00001,,
20140620,0.0151,0.0078,-0.003,0.00001,,
20140627,-0.0006,0.0016,-0.0018,0.00001,,
20140704,0.0138,0.0049,-0.0036,0,,
20140711,-0.0135,-0.0307,0.0053,0,,
20140718,0.0037,-0.015,0.0096,0,,
20140725,-0.0001,-0.0047,-0.0086,0,,
20140801,-0.0263,0.0027,-0.0023,0,,
20140808,0.0051,0.0096,-0.005,0,,
20140815,0.0131,-0.0048,-0.0034,0,,
20140822,0.0179,-0.0001,0.0043,0,,
20140829,0.0089,0.0013,0.0001,0,,
20140905,0.0018,-0.0051,-0.0005,0,,
20140912,-0.0086,0.0059,-0.0054,0,,
20140919,0.0091,-0.0232,0.0035,0,,
20140926,-0.0158,-0.0073,-0.0093,0,,
20141003,-0.0079,-0.0036,-0.0077,0,,
20141010,-0.0359,-0.014,0.0053,0,,
20141017,-0.0051,0.0356,-0.0083,0,,
20141024,0.0406,-0.0076,-0.0065,0,,
20141031,0.0287,0.0228,-0.0019,0,,
20141107,0.0069,-0.0074,0.006,0,,
20141114,0.0054,-0.0006,-0.0129,0,,
20141121,0.0105,-0.0144,-0.0014,0,,
20141128,0.0026,0.0016,-0.0211,0,,
20141205,0.0029,0.0011,0.0131,0,,
20141212,-0.0344,0.0088,-0.0072,0,,
20141219,0.0347,0.0012,0.0062,0,,
20141226,0.0103,0.0063,0.0052,0,,
20150102,-0.0139,0.0009,0.0055,0,,
20150109,-0.0078,-0.0035,-0.0236,0,,
20150116,-0.0132,0.0045,-0.0047,0,,
20150123,0.0164,-0.007,-0.0031,0,,
20150130,-0.025,0.0063,-0.0051,0,,
20150206,0.0332,0.0018,0.0153,0,,
20150213,0.0211,-0.005,-0.0128,0,,
20150220,0.008,0.0015,-0.0149,0,,
20150227,-0.0019,0.0067,-0.0047,0,,
20150306,-0.0136,0.0055,-0.0049,0,,
20150313,-0.0061,0.0166,0.0044,0,,
20150320,0.0259,-0.0002,-0.01,0,,
20150327,-0.0216,0.0039,0.0025,0,,
20150403,0.0045,0.007,0.0109,0.00001,,
20150410,0.0167,-0.0071,-0.0136,0.00001,,
20150417,-0.0102,-0.0001,0.008,0.00001,,
20150424,0.0177,-0.0024,-0.0138,0.00001,,
20150501,-0.0077,-0.0261,0.024,0,,
20150508,0.0041,0,0.0019,0,,
20150515,0.0041,0.0033,-0.0041,0,,
20150522,0.0032,0.0041,-0.0005,0,,
20150529,-0.0079,0.004,-0.0014,0,,
20150605,-0.0029,0.0184,0.0002,0,,
20150612,0.0012,0.0011,0.0061,0,,
20150619,0.0083,0.0071,-0.0143,0,,
20150626,-0.0035,0.0036,0.0059,0,,
20150703,-0.0133,-0.0155,-0.0075,0,,
20150710,-0.0002,0.0016,-0.013,0,,
20150717,0.0227,-0.0145,-0.0176,0,,
20150724,-0.0233,-0.0143,-0.0036,0,,
20150731,0.0119,0,-0.0079,0,,
20150807,-0.0136,-0.0125,0.0092,0.00001,,
20150814,0.0069,-0.0037,0.012,0.00001,,
20150821,-0.057,0.0121,0.0002,0.00001,,
20150828,0.0107,0,-0.0074,0.00001,,
20150904,-0.0308,0.0149,0.0013,0,,
20150911,0.0209,-0.0046,-0.0155,0,,
20150918,-0.0015,0.0121,-0.0174,0,,
20150925,-0.0177,-0.0272,0.0362,0,,
20151002,0.0073,-0.0158,0.0054,0,,
20151009,0.0344,0.0151,0.0202,0,,
20151016,0.0062,-0.0123,0.0005,0,,
20151023,0.017,-0.015,0.0011,0,,
20151030,0.0017,-0.0043,-0.0151,0,,
20151106,0.0138,0.0264,0.0058,0.00001,,
20151113,-0.0372,-0.0086,-0.001,0.00001,,
20151120,0.0314,-0.0052,-0.009,0.00001,,
20151127,0.0038,0.0241,-0.0086,0.00001,,
20151204,-0.0019,-0.0153,0.0015,0.00003,,
20151211,-0.0393,-0.0086,-0.0164,0.00003,,
20151218,-0.0035,0.0012,-0.0075,0.00003,,
20151225,0.0283,0.002,0.0104,0.00003,,
20160101,-0.009,-0.0077,-0.0056,0.00003,,
20160108,-0.0622,-0.0176,0.005,0.00002,,
20160115,-0.0254,-0.0134,-0.0015,0.00002,,
20160122,0.0138,0.0022,-0.0161,0.00002,,
20160129,0.0171,-0.0064,0.0365,0.00002,,
20160205,-0.0336,-0.0136,0.0107,0.00005,,
20160212,-0.0081,-0.0052,-0.0048,0.00005,,
20160219,0.0309,0.0096,-0.016,0.00005,,
20160226,0.0184,0.0126,-0.0002,0.00005,,
20160304,0.0308,0.0119,0.0248,0.00005,,
20160311,0.01,-0.0054,0.0132,0.00005,,
20160318,0.0141,-0.003,0.0014,0.00005,,
20160325,-0.008,-0.0085,-0.0101,0.00005,,
20160401,0.0206,0.0164,-0.0199,0.00002,,
20160408,-0.0117,-0.0011,-0.016,0.00002,,
20160415,0.0194,0.0073,0.0206,0.00002,,
20160422,0.0074,0.0062,0.018,0.00002,,
20160429,-0.0119,-0.0009,0.0171,0.00002,,
20160506,-0.0063,-0.012,-0.0057,0.00003,,
20160513,-0.0052,-0.0056,-0.0069,0.00003,,
20160520,0.0055,0.0016,0.0074,0.00003,,
20160527,0.0243,0.01,-0.0083,0.00003,,
20160603,0.0016,0.013,-0.0123,0.00005,,
20160610,-0.0025,0.0053,-0.0005,0.00005,,
20160617,-0.012,-0.003,-0.0017,0.00005,,
20160624,-0.016,0.0033,-0.0018,0.00005,,
20160701,0.0314,-0.0059,-0.007,0.00005,,
20160708,0.0138,0.0081,-0.0142,0.00005,,
20160715,0.016,0.0056,0.0227,0.00005,,
20160722,0.006,0.0001,-0.0116,0.00005,,
20160729,0.0007,0.0073,-0.0029,0.00005,,
20160805,0.0056,0.0044,0.0073,0.00005,,
20160812,0.0018,-0.0033,-0.0014,0.00005,,
20160819,0.0015,0.0038,0.014,0.00005,,
20160826,-0.0053,0.0063,0.0037,0.00005,,
20160902,0.007,0.0016,0.0069,0.00005,,
20160909,-0.023,0.0009,0.0043,0.00005,,
20160916,0.0057,0.0051,-0.0262,0.00005,,
20160923,0.0126,0.0114,-0.0017,0.00005,,
20160930,0.0021,-0.0018,0.0124,0.00005,,
20161007,-0.0058,-0.0054,0.0127,0.00004,,
20161014,-0.0112,-0.0123,0.0066,0.00004,,
20161021,0.0042,-0.0033,0.0068,0.00004,,
20161028,-0.0077,-0.0235,0.0135,0.00004,,
20161104,-0.0189,-0.0054,0.0112,0.00004,,
20161111,0.0467,0.0604,0.0255,0.00004,,
20161118,0.0129,0.01,0.0132,0.00004,,
20161125,0.0164,0.0081,0.0058,0.00004,,
20161202,-0.0113,-0.0211,0.0394,0.00006,,
20161209,0.0335,0.0202,0.0181,0.00006,,
20161216,-0.0029,-0.0138,-0.0081,0.00006,,
20161223,0.0032,0.002,0.0065,0.00006,,
20161230,-0.0116,-0.001,0.0011,0.00006,,
20170106,0.0169,-0.0066,-0.0119,0.00009,,
20170113,0.0009,0.0044,-0.0105,0.00009,,
20170120,-0.0031,-0.0112,-0.0019,0.00009,,
20170127,0.0116,0.0018,0.0054,0.00009,,
20170203,0.0015,0.0041,-0.0061,0.00009,,
20170210,0.0088,0.0011,-0.0126,0.00009,,
20170217,0.0152,-0.0056,-0.0032,0.00009,,
20170224,0.0048,-0.0105,-0.0051,0.00009,,
20170303,0.0065,-0.0094,-0.0012,0.00008,,
20170310,-0.0055,-0.0115,-0.0171,0.00008,,
20170317,0.0048,0.0186,-0.0039,0.00008,,
20170324,-0.0165,-0.0088,-0.018,0.00008,,
20170331,0.0105,0.0163,0.0084,0.00008,,
20170407,-0.0044,-0.0135,0.0014,0.00014,,
20170414,-0.012,-0.0019,-0.0111,0.00014,,
20170421,0.0111,0.0182,-0.0026,0.00014,,
20170428,0.0164,0.0031,-0.0103,0.00014,,
20170505,0.0053,-0.0077,-0.0045,0.00016,,
20170512,-0.0032,-0.0026,-0.0126,0.00016,,
20170519,-0.004,-0.0079,-0.0043,0.00016,,
20170526,0.0146,-0.0031,-0.0076,0.00016,,
20170602,0.0109,0.0107,-0.0167,0.00015,,
20170609,-0.0024,0.0057,0.0337,0.00015,,
20170616,-0.0008,-0.0106,-0.0063,0.00015,,
20170623,0.0031,0.0106,-0.0381,0.00015,,
20170630,-0.0049,0.0004,0.034,0.00015,,
20170707,0.0008,-0.0045,0.0033,0.00018,,
20170714,0.0136,-0.0016,-0.0131,0.00018,,
20170721,0.0055,0.0007,-0.0045,0.00018,,
20170728,-0.0003,-0.0055,0.0063,0.00018,,
20170804,0.0009,-0.0177,0.0074,0.00021,,
20170811,-0.0152,-0.0099,-0.0105,0.00021,,
20170818,-0.0067,-0.0074,-0.0031,0.00021,,
20170825,0.0082,0.0056,0.007,0.00021,,
20170901,0.0161,0.0142,-0.0144,0.00024,,
20170908,-0.0077,0.0025,-0.0137,0.00024,,
20170915,0.017,0.0067,0.0183,0.00024,,
20170922,0.0039,0.0085,0.016,0.00024,,
20170929,0.0091,0.0213,0.0065,0.00024,,
20171006,0.0129,0.0012,-0.0022,0.00021,,
20171013,0.0003,-0.0069,-0.0019,0.00021,,
20171020,0.0091,-0.008,0.0073,0.00021,,
20171027,0.0025,-0.0059,0.001,0.00021,,
20171103,0.0019,-0.0117,-0.0043,0.00021,,
20171110,-0.0041,-0.0101,-0.0096,0.00021,,
20171117,0.0021,0.011,0.0003,0.00021,,
20171124,0.0104,0.0111,-0.0083,0.00021,,
20171201,0.0162,-0.009,0.0224,0.00022,,
20171208,0.003,-0.0145,0.0019,0.00022,,
20171215,0.0081,-0.0026,-0.007,0.00022,,
20171222,0.0054,0.0077,0.0051,0.00022,,
20171229,-0.0037,0.0003,-0.0022,0.00022,,
20180105,0.0254,-0.0068,-0.0045,0.00028,,
20180112,0.0181,0.004,0.0108,0.00028,,
20180119,0.0084,-0.0065,-0.0043,0.00028,,
20180126,0.0205,-0.0146,-0.0112,0.00028,,
20180202,-0.0381,-0.0047,-0.0009,0.00028,,
20180209,-0.0509,0.0102,0.001,0.00028,,
20180216,0.0451,0.001,-0.0057,0.00028,,
20180223,0.0048,0.0012,-0.0056,0.00028,,
20180302,-0.0174,0.0105,-0.008,0.00029,,
20180309,0.036,0.0036,-0.0015,0.00029,,
20180316,-0.0121,0.0084,-0.0012,0.00029,,
20180323,-0.0582,0.017,-0.002,0.00029,,
20180330,0.018,-0.0109,0.0086,0.00029,,
20180406,-0.0138,0.0056,0.0068,0.00036,,
20180413,0.0205,0.0098,-0.0104,0.00036,,
20180420,0.0073,0.0006,0.0051,0.00036,,
20180427,-0.0029,-0.0052,0.0043,0.00036,,
20180504,-0.0016,0.0108,-0.0134,0.00035,,
20180511,0.0243,0.0039,-0.0026,0.00035,,
20180518,-0.0022,0.0253,-0.0004,0.00035,,
20180525,0.0022,-0.0034,-0.0043,0.00035,,
20180601,0.0061,0.0126,-0.0116,0.00034,,
20180608,0.0168,0.0043,-0.0019,0.00034,,
20180615,0.0021,0.009,-0.0222,0.00034,,
20180622,-0.0085,0.0139,0.0023,0.00034,,
20180629,-0.016,-0.0126,-0.0002,0.00034,,
20180706,0.0165,0.0173,-0.01,0.0004,,
20180713,0.0139,-0.0163,-0.0114,0.0004,,
20180720,0.0014,-0.0001,0.0062,0.0004,,
20180727,0.0017,-0.0281,0.0156,0.0004,,
20180803,0.0065,-0.0007,0.0015,0.00041,,
20180810,0.0005,0.0092,-0.0078,0.00041,,
20180817,0.0046,-0.0039,0.0009,0.00041,,
20180824,0.0106,0.0132,-0.0101,0.00041,,
20180831,0.0096,-0.0006,-0.0179,0.00041,,
20180907,-0.0114,-0.0078,0.0018,0.00038,,
20180914,0.012,-0.0041,-0.0096,0.00038,,
20180921,0.0054,-0.0121,0.0175,0.00038,,
20180928,-0.0052,0.0007,-0.0259,0.00038,,
20181005,-0.0142,-0.032,0.0338,0.00047,,
20181012,-0.0426,-0.0076,-0.0002,0.00047,,
20181019,-0.0015,-0.0097,0.0056,0.00047,,
20181026,-0.0406,0.0035,-0.0104,0.00047,,
20181102,0.0287,0.016,0.005,0.00044,,
20181109,0.0175,-0.0259,0.012,0.00044,,
20181116,-0.0165,0.0022,0.0028,0.00044,,
20181123,-0.0374,0.0118,0.0088,0.00044,,
20181130,0.0478,-0.018,-0.0169,0.00044,,
20181207,-0.0483,-0.0071,-0.0062,0.00048,,
20181214,-0.0145,-0.0121,-0.0187,0.00048,,
20181221,-0.0732,-0.0165,0.0211,0.00048,,
20181228,0.0314,0.0111,-0.0138,0.00048,,
20190104,0.0214,0.0131,0.0124,0.00051,,
20190111,0.0295,0.0218,-0.0161,0.00051,,
20190118,0.028,-0.0083,0.0092,0.00051,,
20190125,-0.0028,0.0007,-0.0017,0.00051,,
20190201,0.0157,-0.0034,-0.0077,0.00046,,
20190208,0.0008,0.0031,-0.0128,0.00046,,
20190215,0.0273,0.0157,-0.0003,0.00046,,
20190222,0.0064,0.0101,-0.0083,0.00046,,
20190301,0.005,-0.0036,-0.0125,0.00048,,
20190308,-0.0255,-0.0195,-0.0026,0.00048,,
20190315,0.0283,-0.0093,-0.0051,0.00048,,
20190322,-0.0111,-0.0146,-0.0274,0.00048,,
20190329,0.0127,0.0107,-0.0023,0.00048,,
20190405,0.0214,0.005,0.01,0.00052,,
20190412,0.0055,-0.0076,0.0089,0.00052,,
20190419,-0.0018,-0.0105,0.0046,0.00052,,
20190426,0.0124,0.0024,-0.0132,0.00052,,
20190503,0.0027,0.0068,0.0033,0.00051,,
20190510,-0.0222,-0.0011,0.0003,0.00051,,
20190517,-0.0102,-0.0144,-0.0068,0.00051,,
20190524,-0.013,-0.0048,-0.0015,0.00051,,
20190531,-0.0271,-0.0045,-0.0105,0.00051,,
20190607,0.0427,-0.013,-0.0055,0.00045,,
20190614,0.0045,0.0001,-0.0009,0.00045,,
20190621,0.0221,0.0007,-0.0167,0.00045,,
20190628,-0.0011,0.014,0.0154,0.00045,,
20190705,0.0156,-0.0125,-0.0037,0.00048,,
20190712,0.0072,-0.0137,-0.0034,0.00048,,
20190719,-0.0122,-0.0036,-0.0066,0.00048,,
20190726,0.0175,-0.0021,0.0074,0.00048,,
20190802,-0.0345,0.0028,-0.0081,0.00041,,
20190809,-0.0061,-0.0068,-0.0198,0.00041,,
20190816,-0.0117,0.0025,-0.0125,0.00041,,
20190823,-0.0157,-0.0073,-0.003,0.00041,,
20190830,0.027,-0.0052,0.0033,0.00041,,
20190906,0.0161,-0.0119,0.0126,0.00044,,
20190913,0.0133,0.0282,0.0497,0.00044,,
20190920,-0.0064,-0.0054,-0.0095,0.00044,,
20190927,-0.0136,-0.0188,0.02,0.00044,,
20191004,-0.004,-0.0044,-0.0241,0.00038,,
20191011,0.0069,-0.0043,0.0019,0.00038,,
20191018,0.0047,0.0075,0.0058,0.00038,,
20191025,0.0138,0.0033,0.0065,0.00038,,
20191101,0.0147,0.0035,-0.0048,0.00031,,
20191108,0.0101,-0.0044,0.0223,0.00031,,
20191115,0.0078,-0.0066,-0.0178,0.00031,,
20191122,-0.0019,-0.0002,-0.0155,0.00031,,
20191129,0.0113,0.0154,-0.0169,0.00031,,
20191206,0.001,0.0047,0.0082,0.00035,,
20191213,0.0074,0.0016,0.0073,0.00035,,
20191220,0.0171,0.0036,0.0003,0.00035,,
20191227,0.0049,-0.0049,-0.0041,0.00035,,
20200103,-0.0012,-0.0032,0.0036,0.00032,,
20200110,0.0094,-0.0089,-0.0222,0.00032,,
20200117,0.0201,0.0063,-0.0133,0.00032,,
20200124,-0.0114,-0.0124,-0.0104,0.00032,,
20200131,-0.0206,-0.0111,-0.0149,0.00032,,
20200207,0.0313,-0.0035,-0.0078,0.0003,,
20200214,0.0173,-0.0002,-0.0091,0.0003,,
20200221,-0.0106,0.0076,-0.0003,0.0003,,
20200228,-0.115,0.0063,-0.0231,0.0003,,
20200306,0.001,-0.0165,-0.0484,0.00031,,
20200313,-0.097,-0.0589,-0.0345,0.00031,,
20200320,-0.1456,0.0173,-0.0567,0.00031,,
20200327,0.1031,-0.0102,0.0088,0.00031,,
20200403,-0.0248,-0.0214,-0.0525,0.00001,,
20200410,0.1235,0.0271,0.0774,0.00001,,
20200417,0.0325,-0.016,-0.0857,0.00001,,
20200424,-0.0086,0.0255,-0.0204,0.00001,,
20200501,0.0001,0.0228,0.047,0.00002,,
20200508,0.0424,0.0229,-0.0354,0.00002,,
20200515,-0.022,-0.0116,-0.0726,0.00002,,
20200522,0.0359,0.0322,0.039,0.00002,,
20200529,0.0298,-0.0116,0.0366,0.00002,,
20200605,0.0497,0.0051,0.098,0.00003,,
20200612,-0.0473,-0.0124,-0.0524,0.00003,,
20200619,0.0229,0.0131,-0.032,0.00003,,
20200626,-0.0283,0.0087,-0.0415,0.00003,,
20200703,0.0404,0.0068,-0.0168,0.00003,,
20200710,0.021,-0.0185,-0.0137,0.00003,,
20200717,0.012,0.0175,0.0233,0.00003,,
20200724,-0.0031,-0.0022,0.0287,0.00003,,
20200731,0.0173,-0.0048,-0.0253,0.00003,,
20200807,0.0271,0.0339,0.0159,0.00002,,
20200814,0.0074,0.0013,0.0167,0.00002,,
20200821,0.0086,-0.0155,-0.0516,0.00002,,
20200828,0.0319,-0.0142,0.0096,0.00002,,
20200904,-0.0247,-0.0091,0.0223,0.00002,,
20200911,-0.0258,-0.0007,-0.0129,0.00002,,
20200918,0.0001,0.0277,-0.0091,0.00002,,
20200925,-0.0062,-0.0287,-0.042,0.00002,,
20201002,0.0185,0.0305,0.0177,0.00002,,
20201009,0.0425,0.025,-0.0022,0.00002,,
20201016,0.0031,0.0007,-0.0055,0.00002,,
20201023,-0.0051,0.007,0.0306,0.00002,,
20201030,-0.0574,-0.0087,-0.0002,0.00002,,
20201106,0.0769,0.0017,-0.0501,0.00002,,
20201113,0.0191,0.0218,0.07,0.00002,,
20201120,0.0017,0.0252,0.0052,0.00002,,
20201127,0.0286,0.012,0.0129,0.00002,,
20201204,0.0176,0.0053,0.0025,0.00002,,
20201211,-0.0048,0.0186,-0.0167,0.00002,,
20201218,0.0184,0.0208,-0.0354,0.00002,,
20201225,0.0015,0.0135,0.001,0.00002,,