,intercept,gamma
19920103,,
19920110,,
19920117,,
19920124,,
19920131,,
19920207,,
19920214,,
19920221,,
19920228,,
19920306,,
19920313,,
19920320,,
19920327,,
19920403,,
19920410,,
19920417,,
19920424,,
19920501,,
19920508,,
19920515,,
19920522,,
19920529,,
19920605,,
19920612,,
19920619,,
19920626,,
19920703,,
19920710,,
19920717,,
19920724,,
19920731,,
19920807,,
19920814,,
19920821,,
19920828,,
19920904,,
19920911,,
19920918,,
19920925,,
19921002,,
19921009,,
19921016,,
19921023,,
19921030,,
19921106,,
19921113,,
19921120,,
19921127,,
19921204,,
19921211,,
19921218,-0.003395265953708741,0.022856792616658992
19921225,0.012458687560988741,0.003143249399742842
19930101,-0.01347612643794208,0.01109416641321256
19930108,0.01940568649474229,0.02521631793332483
19930115,-0.00211577871572849,0.03212368937624212
19930122,0.0029039588707616476,-0.013203156739552309
19930129,0.023062331251951673,0.016493481786473523
19930205,-0.010711512432637288,-0.005882702755246728
19930212,-0.03488420637907814,0.023361730408506292
19930219,0.017174339600331236,0.005456727820006434
19930226,0.010308233044109875,0.013554674707174955
19930305,0.004917580012526186,0.037802712647468095
19930312,-6.774278409839101e-05,0.00862654687853332
19930319,-0.006889904913397219,0.023772048846188377
19930326,-0.01807112052349444,-0.0032043567259227067
19930402,-0.010945155292623509,0.05357245787523913
19930409,0.02046493901526912,-0.0033322643940469584
19930416,-0.011726541823318141,-0.04279901956817013
19930423,0.0007372433322698751,0.010823442951832896
19930430,0.009158137626484725,0.027128749282534007
19930507,-0.003057807041347708,-0.019678981149153917
19930514,0.010491602170949558,0.019266765562995735
19930521,0.009993494220098742,0.014895414303729995
19930528,-0.0008855772062304485,0.005454004112551106
19930604,-0.012852675368914143,-0.010114464052042806
19930611,-0.00635130325324406,-0.002199229475470346
19930618,0.005081005532968964,0.020435995747168405
19930625,0.005807083155887767,0.010217967014998604
19930702,0.003555971742817588,-0.010386322856388241
19930709,-0.0033228987576150518,-0.0034738424516261865
19930716,-0.0038979344939393534,0.02507877480119087
19930723,0.003014453870050334,0.004146127608098929
19930730,0.00205336416884879,0.022490187331295403
19930806,0.001993177748931468,0.015856438898101087
19930813,0.01884846710007843,-0.02620529086092714
19930820,0.005504055407431487,0.008002572042877623
19930827,0.009548618497431199,-0.007473060159148209
19930903,-0.0063448998460985916,0.004660414531449161
19930910,-0.008736049937184487,0.0024618375342303693
19930917,-0.007225288431960113,0.0389604277111171
19930924,0.006981392116495607,-0.0006951145279001028
19931001,-0.008547789791241548,-0.008188510317563673
19931008,0.019366300801766385,0.007241519480177569
19931015,-0.009059804085030536,-0.011604714226588821
19931022,0.013992953570058616,-0.010149979023886913
19931029,-0.018614864422067393,-0.028909346089503577
19931105,0.01893962308540877,0.0028167013012364
19931112,-0.012835538500197237,-0.03139199828663405
19931119,0.005027715523953495,0.013702065832174303
19931126,0.011945924797917031,0.007534173554661786
19931203,0.0018640610688019882,-0.010147541830030426
19931210,0.006883364572685708,-0.015083778650192177
19931217,0.0013108780482033616,0.00968002785551654
19931224,0.009153745009858513,0.014160163416537535
19931231,0.00531725168199519,-0.02649728109803303
19940107,0.007745518439972902,0.022191794678056483
19940114,0.004994221256545188,-0.010878680531346416
19940121,0.010433891815833745,0.0047461163325264255
19940128,-0.018596811260389572,0.0028796375063201247
19940204,0.008170005627737939,0.02935606377749891
19940211,-0.005737543055059711,0.0022535154866092245
19940218,-0.002021407022833148,-0.0020670347423014986
19940225,0.005114372552799493,-0.023548287544703193
19940304,0.00240757168574889,-0.0012338807627158526
19940311,0.012231372599320969,0.011585689328015557
19940318,-0.019463437944489806,-0.033513481776348095
19940325,-0.03855941836224398,-0.01804637261646602
19940401,0.004789875662207649,0.015163059454092508
19940408,-0.0017571360848579855,-0.050823022433227935
19940415,-0.0005315152364139828,-0.016412035860775068
19940422,0.013355446206742177,0.031507675536976955
19940429,-0.0036658980099966263,-0.02630662710630143
19940506,-0.019859970221911556,-0.021626521158256425
19940513,0.02354469939328212,-0.01942493718070363
19940520,0.007974380951969454,-0.011174203387219446
19940527,0.00893918073819905,-0.0054447230964700995
19940603,-0.0050080364219210645,-0.0425491162276489
19940610,-0.0033316407087487184,0.017567235212587004
19940617,-0.040662634001201625,-0.009628692864825898
19940624,0.014964608429913,0.022033581002554436
19940701,0.006124980771208413,-0.004493513980232054
19940708,0.014765959617197408,-0.0014372030199651927
19940715,-0.0027893012122643807,-0.0377884390823997
19940722,0.009733651474533839,-0.011383015640203473
19940729,0.001065301185798701,-0.00846216770811874
19940805,0.014141924201676412,-0.0014261006030410871
19940812,0.0036347313926417047,0.02116808658582515
19940819,0.021462618677103713,0.028491487063642417
19940826,-0.0007669105329706396,-0.010127762416873928
19940902,-0.0033678554831911957,0.014642358623306827
19940909,0.007158635801629848,0.03782586538587691
19940916,-0.029354004041690942,0.007776842719274888
19940923,0.007999011466701558,0.0023523892998783603
19940930,-0.0206229052875594,0.013142802917276446
19941007,0.024586512983990946,0.0005512800407293469
19941014,-0.007181029014820704,0.028780240450886296
19941021,0.011476653384880105,0.015713560713950747
19941028,-0.01530727406280987,-0.023812331539611768
19941104,-0.007907170876154335,0.0020924345077820076
19941111,-0.004616303276715967,0.023312331097953623
19941118,-0.02137240684658229,-0.01632058714911018
19941125,0.0034340100068365347,-0.005360778870682358
19941202,-0.020495159237965424,-0.011596979099872569
19941209,0.030178059458655628,-0.005549435212571615
19941216,0.011870481480396053,-0.009540295540994259
19941223,0.0059400834080727966,0.016179680194990366
19941230,0.003888299441196971,-0.03926868537391096
19950106,0.012702106544184757,0.00854451175364809
19950113,-0.0004171076427424863,-0.012132381819740135
19950120,0.00478606653721056,-0.03428680712552483
19950127,0.018125120578355258,-3.749685311984997e-05
19950203,0.018634032075967474,0.00915976766554621
19950210,-0.0010597550139327602,0.0035710428467456046
19950217,0.00921095566866352,-0.005072016829603314
19950224,-0.0009738847104000282,0.04063249538296251
19950303,5.652144626005221e-05,-0.008397775670878363
19950310,0.0056171489794062035,0.019686941861037942
19950317,0.010094580989490726,0.011992982337871067
19950324,0.00910697185524651,-0.05116044419186612
19950331,0.007309215658314682,0.013919797645890372
19950407,0.0079549777127213,0.025110417975990576
19950414,-0.007674686262544814,-0.010229110493920258
19950421,0.013903456559410906,0.006299540660843126
19950428,-0.0012396620879262773,0.01808464005586214
19950505,0.016676788499277437,-0.001637028326817738
19950512,-0.0032157374608649545,-0.005324049274816328
19950519,0.004614689363171993,0.0064720623455930765
19950526,0.00897936112462353,-0.0031831299461109607
19950602,-0.0016611977170547065,-0.005123039876707541
19950609,0.025448856934424367,-0.0007225777439270719
19950616,0.012319887007901192,0.02712525493550378
19950623,-0.0035510868550127383,-0.006652225292592943
19950630,0.030389727881832494,0.0045252786305696605
19950707,-0.0033616302641715132,0.027632411085155996
19950714,-0.013719015007070788,-0.011978878899963795
19950721,0.017550649687603864,0.034852147885965586
19950728,0.0043366057502279105,-0.03310164920331827
19950804,-0.007768945268982676,0.028385676020839978
19950811,0.00912136489503513,0.03310110235370651
19950818,0.006026146144801889,-0.018945612193580166
19950825,0.010921706508994376,-0.01118585365952825
19950901,0.013703636905810786,0.026184227058105688
19950908,0.008888684016512037,-0.005570684112041297
19950915,-0.011140371660559738,0.018085029019700233
19950922,-0.0051544137857989485,0.008874086258680679
19950929,-0.008154371202867015,-0.017301913429438598
19951006,0.006593813857636175,-0.005362658128684066
19951013,-0.0022469100880534985,0.0005327093786215356
19951020,-0.018152821806321166,0.003564178832892223
19951027,0.028704729561904754,-0.0015923397299946495
19951103,0.005291503388937564,-0.013648118064585263
19951110,0.0142166234307137,-0.03701376791166455
19951117,0.006269905233945912,-0.020806601552948157
19951124,0.004872733533066418,0.026840716810504563
19951201,0.0061190202950139405,0.0009648372933432762
19951208,0.0007361633791747261,-0.033104745679109954
19951215,0.0004066386796113151,0.0064527934075577255
19951222,0.011663856644354879,-0.013188578789994326
19951229,0.007475467151673436,-0.03587497682917185
19960105,-0.025039507056838314,-0.0003899820604462771
19960112,-0.0005557612642243335,0.03753511805752561
19960119,0.014265199182622774,0.0056967756360797785
19960126,0.024931025127306862,0.0005449543689389965
19960202,0.024340384326098533,0.0034790497588869634
19960209,0.0008433683026530859,-0.01315645072002827
19960216,0.012620030703375425,0.0026575696992184915
19960223,-0.013708339365182084,-0.01509205808844048
19960301,-0.009327491404611993,-0.004710940006102368
19960308,0.016278568034562676,0.009785887185128949
19960315,0.009739467683171736,0.0025845907691105646
19960322,-0.002836988947313657,0.0012687890741255082
19960329,0.012885926057529789,-0.01835756556548955
19960405,-0.015629308081092714,-0.028705364484773118
19960412,0.017008746581400502,-0.0003835945999847628
19960419,0.019267449908456535,0.008879420166716428
19960426,-0.00770442385145205,-0.020818699308573687
19960503,0.007362291192775048,0.02480679380978035
19960510,0.022105421024286975,0.012657597186825936
19960517,0.0016040330529028743,0.017062041526342518
19960524,-0.009894635445391724,-0.007822029154630858
19960531,-0.007269999785973725,0.013096057571191866
19960607,-0.007826090549872673,0.009083117212931615
19960614,-0.011320439667306784,0.004135515620769957
19960621,0.002830233140164333,0.007179605247464645
19960628,-0.016698089128614844,0.007165809301070101
19960705,-0.03044996008499536,0.00942539025934762
19960712,-0.007825905005857454,-0.00945671460332574
19960719,-0.007237479143698774,-0.002893776108757373
19960726,0.03071352693832689,0.02476870300858176
19960802,0.006854636948740757,-0.01747459544633902
19960809,0.008515003873986378,0.0012774492537357377
19960816,0.005191783062504114,0.0038686774888404786
19960823,-0.004027571810430847,-0.002809948732331976
19960830,-0.00018630460097623664,0.008323462283712064
19960906,0.028413371159007182,0.025428811105064446
19960913,0.012064527596309988,-0.011787488748175777
19960920,0.0024050976936546026,0.008452348175187656
19960927,0.0069871767478120244,0.020028838336248418
19961004,0.001512613656773477,-0.03302987280917498
19961011,0.0015755783239591234,0.007440270717371469
19961018,-0.009223421388661394,0.003806577049497762
19961025,0.004505156845728393,-0.019566325735521056
19961101,0.026511152927975755,0.013028031709683665
19961108,0.02000220020056069,-0.03356800377244802
19961115,0.013821774733336194,-0.014492777327058072
19961122,0.008977575266056385,0.008292740015005724
19961129,-0.008346365111754621,-0.012905239624015808
19961206,-0.0063853321221285135,-0.02175415357473643
19961213,0.009318316722975601,0.014471315267838663
19961220,0.010989393731932409,-0.00896743597760515
19961227,0.0045023062543356656,-0.02161012747258027
19970103,0.008151220400602644,0.027282386182183548
19970110,0.009890497037818387,0.017931635464985055
19970117,1.6394585634434914e-05,-0.009409377530986527
19970124,0.00487488006510487,0.0025355828182330323
19970131,-0.0005518754846024611,-0.004576413483878767
19970207,0.019115346056908535,-0.014934287301937417
19970214,-0.00890371513297919,-0.014792030937361176
19970221,-0.006072790214438876,-0.020697299707372333
19970228,0.013976665966225753,0.006186458114574514
19970307,-0.001187428151555787,-0.0208767082860589
19970314,-0.019208856015406308,0.007461139980758136
19970321,-0.007748383956953285,-0.019569726357265425
19970328,-0.021743461104768096,-0.009168325077367052
19970404,-0.019612226260589494,0.004934582292508182
19970411,0.01462392764587664,0.011209511827849992
19970418,-0.016396916340131663,0.02166853934036526
19970425,0.06998122355215472,-0.013411620667318906
19970502,0.015891766333959834,-0.02009594046463761
19970509,0.0066420392236915555,-0.010359173006854506
19970516,0.017216872967725734,-0.007486659105187591
19970523,0.014124225885589389,-0.013097569592992991
19970530,0.007153911056442043,0.007228455250370073
19970606,0.023480427500869573,0.004432699489579077
19970613,0.011541837164483464,0.0015635879881666826
19970620,-0.008694650528703924,0.0020139185628455206
19970627,0.023780815953762302,-0.0009510595512922775
19970704,0.006214161344173344,0.0164024609609777
19970711,0.0014065758644483998,0.008637830428759687
19970718,0.015506996234404305,0.009340468758288709
19970725,0.013937057431379083,0.005752562596704337
19970801,-0.00016096196846863628,-0.017325667154143902
19970808,-0.01583674014217583,0.005916835323981589
19970815,0.013356092209065744,0.0014442148324772303
19970822,0.004666896614247703,-0.005635367369980888
19970829,0.02424402407989626,-0.006991762833067196
19970905,0.011646419278403404,-0.010551110900465076
19970912,0.009863166488887451,0.022636115747844108
19970919,0.0016051640636258056,-0.007755459031181286
19970926,0.018029297243227466,0.009957300475252631
19971003,0.008668314003967462,-5.139657796797558e-06
19971010,-0.01940563937759637,-0.010725403052100853
19971017,-0.0020151534341732373,0.0010813564999395805
19971024,-0.03251061765905604,0.0003370423051897985
19971031,0.0016645596612178005,0.017841123509730814
19971107,-0.005290379865606784,-0.015336451716267073
19971114,0.0242331315427184,-0.0005903099162852189
19971121,-0.005764112820879606,0.008227123739932297
19971128,0.01934537704869643,0.021783393867861087
19971205,-0.03343686451359785,0.0066030113239479455
19971212,-0.007046192701298573,0.013954731363555859
19971219,-0.0032655314506764193,0.0036732472512246116
19971226,0.0380236308415041,-0.002568325508291169
19980102,-0.05108150547002737,-0.006126394190798968
19980109,0.03423928231297509,0.008824574107473995
19980116,-0.0008915563598046261,-0.008629634048406979
19980123,0.014950377247079982,0.014869162964152161
19980130,0.03740316422644984,-0.0019392666641750123
19980206,0.013896384587931517,-0.004307933059875727
19980213,0.010121408063648004,-0.012894645881514167
19980220,0.016363999974431873,-0.000208162445544924
19980227,0.005930558050872359,0.006613520499401153
19980306,0.014478729378795394,0.004638246510772193
19980313,0.01790208376566406,-0.008797148143026567
19980320,0.00132105750083069,0.0012443027951286145
19980327,0.014916284972495968,0.0032846867216562658
19980403,-0.010853507621348861,-0.001390285971872305
19980410,0.013887345062482851,-0.0026145278297678514
19980417,-0.014456289006305563,-0.0063715854700241705
19980424,0.006041936157295069,0.010021730574091137
19980501,-0.004753357027754795,-0.012267751358192943
19980508,-0.014217487068473787,0.008724935004296613
19980515,-0.012125207031055739,0.0018607251675415524
19980522,-0.014601374226065725,-0.0008701435251887071
19980529,0.003072665949230564,0.008901066221614825
19980605,-0.033909463562166633,0.03339799170726461
19980612,-0.002773694058054375,-0.0037378423837171617
19980619,0.017051936308999302,0.028560533026064885
19980626,0.010363944087948228,0.01629004615943863
19980703,0.0014827241372382298,0.035786332962115995
19980710,0.009835921901533732,0.009850301601724008
19980717,-0.047232163503855173,0.013037833658522674
19980724,-0.026825353773412577,-0.004619736854445935
19980731,-0.01605099998270987,0.0003752712526207165
19980807,-0.02906072050822739,0.007253249684222769
19980814,-0.009288722612903262,0.006488269304446679
19980821,-0.07334050727760634,0.008644783520602543
19980828,-0.028596490817725268,-0.015720590815085728
19980904,0.025544987191738977,-0.0008436322877603931
19980911,0.0235349244637158,0.006478901981059072
19980918,0.016304134964950003,-0.0035340857124562903
19980925,-0.04173210930930129,-0.0004266147982253187
19981002,-0.04653293767030877,0.0012620608851988083
19981009,0.0757265925445564,-0.0064170742465342835
19981016,0.04166570867007158,-0.04927442918759234
19981023,0.030682583532397036,-0.0006115662905251058
19981030,0.04690583758301807,-0.05096173109280105
19981106,-0.014449355971525045,0.013375376450406772
19981113,0.019054100893157944,0.016125006392774754
19981120,0.01682168401597534,-0.00012118461075886168
19981127,-0.008072376796070818,0.003898668463529969
19981204,-0.011588371996503054,0.029246806930494286
19981211,-0.00441068603024441,0.03126617517859602
19981218,0.022800059518644927,0.013742358028652708
19981225,0.03851358712292465,0.0014939418773531202
19990101,0.012823856823240979,-0.01123118151435579
19990108,-0.019170922388632466,0.01671239444897519
19990115,-0.014313824317510588,-0.0018096193127265946
19990122,-0.00031028129779660935,0.05178887996340912
19990129,-0.014069374549983225,-0.04960322957232668
19990205,-0.023087045031694346,0.00686037782141283
19990212,0.0022358503970064535,0.007183043195698376
19990219,-0.004804930707055281,0.0003253764395668668
19990226,0.02423480930956644,0.0035141425505768446
19990305,0.0011488429733321395,-0.0014060015547390223
19990312,-0.011799692318440547,-0.005910324707949321
19990319,-0.010072462052420359,0.0003063425221301367
19990326,0.00800983001153093,-0.00490419802976652
19990402,0.00877659832397289,0.025021692499051913
19990409,0.03198539889676103,-0.09639323229293655
19990416,0.030571188321455025,0.019799306596289416
19990423,0.00023150950798416848,-0.041507873887811596
19990430,0.01847585640498219,-0.005496778241481308
19990507,0.007782576755465571,-0.0031543930367984685
19990514,0.017688626527870104,-0.02345038753526024
19990521,-0.01784113986989026,0.0019356004910668888
19990528,0.013939338819792335,0.015599503819552996
19990604,-0.013034686087544043,-0.012257089842899796
19990611,0.019685673725870833,0.025335918609966965
19990618,-0.011765929377756428,-0.008664650727128633
19990625,0.03488218179067077,0.011337123767300408
19990702,0.0008184479766129311,0.022323122007382956
19990709,0.009758658619928319,0.007777636790119109
19990716,-0.025148890100965247,-0.021609052006226717
19990723,-0.011788930275522065,0.0004875552201036869
19990730,-0.024136114775270924,-0.02099395315827315
19990806,0.007566809075517116,0.023808813505256668
19990813,0.00448317946019032,0.0011971954060169218
19990820,-0.008866234385307538,0.012521318464022775
19990827,-0.0018701654308231636,0.024131235232752863
19990903,0.000563105581343763,0.005962497351813174
19990910,-0.016385159423709262,0.007570919593916412
19990917,-0.04092417155118594,0.010198999905470907
19990924,0.008466156837340191,-0.004804064988237416
19991001,0.010029163062734965,0.02371391329842219
19991008,-0.0437147457593231,-0.006152986848298854
19991015,0.02225163192461834,0.010674984645041082
19991022,0.03835024492441134,0.001047187631724711
19991029,0.01710098959481472,0.010116309308652318
19991105,0.013969716043696864,0.021533771037500087
19991112,0.017455408860772036,0.012607627748358942
19991119,-0.017875166623258384,0.013026978077981238
19991126,0.010781553873244884,0.0071770475581833795
19991203,-0.01818356010902304,0.007658058342117151
19991210,-0.009586293871039018,0.01826900104935196
19991217,0.018855837865754614,0.018673425970368158
19991224,0.02588873136816149,0.004258885718632611
19991231,-0.013890661749996867,-0.009973479438830684
20000107,0.02220264824925395,0.01475576334984698
20000114,-0.00853363548761116,0.027255359651403993
20000121,-0.04539314293184333,-0.008571282636844492
20000128,0.023441647216948032,0.02276828011682157
20000204,-0.0354541103002049,0.03004340472143982
20000211,-0.015376577981678866,0.011753065254921638
20000218,-0.01161489309545706,0.016054862229577426
20000225,0.04121481431293885,0.007909223330049854
20000303,-0.015754194310287413,0.0004871782879569819
20000310,0.0723434990214962,-0.030224889089129986
20000317,0.01609145599256668,0.0016054394683706979
20000324,0.021488490394078755,-0.02571547512240624
20000331,0.0025214859770628806,0.011617299695225142
20000407,-0.05776260225669078,-0.0492929751942621
20000414,0.037422365633625124,0.02821433974423229
20000421,0.025572731269410866,0.023317106594789177
20000428,-0.0004897185036247302,-0.0010061845726830035
20000505,0.0029748742662044163,-0.029983339421769926
20000512,-0.01059694510330258,-0.014670930727138433
20000519,-0.012096057702770148,-0.02309381740579128
20000526,0.06818973960874557,0.053903539453144904
20000602,-0.009709835168758027,0.007158811596861687
20000609,-0.007250393985249689,-0.005220255947561402
20000616,-0.01839372548043147,0.005098369968699121
20000623,0.0006916434536596927,0.013227311816272482
20000630,0.03246586347293958,-0.004367817912715872
20000707,0.02280262770474082,0.00476596850574905
20000714,-0.027331914557339573,-0.004098400493301804
20000721,-0.026761931579405374,-0.0335308318702795
20000728,0.040045452329808,-0.0037233431746778144
20000804,0.014999680461148414,-0.0012810882931615526
20000811,0.010805020053464228,0.00931957649906147
20000818,0.006414387105997637,0.02473244927814286
20000825,0.019612756799275023,0.021157887136135773
20000901,0.004853093951795624,-0.021263392040500397
20000908,-0.007219813199381021,0.005213168807876778
20000915,-0.029142874227285332,0.015865190133977202
20000922,0.010027054241650263,-0.006857322246700094
20000929,-0.023514604717725755,-0.01990190890329288
20001006,-0.02037113254195453,0.007549255187857875
20001013,0.0012460496871871361,0.021058602607091456
20001020,0.011689709666668378,-0.030505771410475238
20001027,0.05693359365961254,-0.006898313388628954
20001103,-0.028933018655777288,-0.02062784437958116
20001110,0.009154530701175825,-0.004928821270626428
20001117,-0.014097049232647181,-0.013993271455132896
20001124,-0.019259931169799988,-0.0035799600948496586
20001201,0.03893926680949718,0.021759953455108883
20001208,-0.03538700193806237,-0.00833682077492289
20001215,0.009057566910903748,0.01594462511335882
20001222,0.04060040396618599,0.004432392892772462
20001229,-0.014624065995936653,-0.07588488595999086
20010105,0.04763702171419836,-0.040876693074700425
20010112,0.009929511410534678,-0.027958950179638474
20010119,0.02372909289179051,0.015752892366256474
20010126,-0.004571682992942845,0.01932425846607137
20010202,-0.01865018675656502,0.0441982455024291
20010209,-0.0006914996539881116,0.010864125259409595
20010216,-0.04375935147087291,0.01434793472713348
20010223,-0.008051732478445985,0.029072164244444365
20010302,-0.0087050616011064,0.02514027673805178
20010309,-0.07035039103520893,0.022340441197606965
20010316,-0.002605130762860119,-0.012906083174138256
20010323,0.005353997117415238,0.06186708309345768
20010330,-0.03970406514706934,0.035184393653038805
20010406,0.07344010362878667,-0.09698959294823993
20010413,0.04493596329725618,-0.07774436213903449
20010420,0.012380723612125428,0.04546503725471098
20010427,0.024266585264584764,-0.04590333005011246
20010504,-0.015314665627321183,0.03137243153544186
20010511,0.04514988130779968,-0.013035714258454168
20010518,0.008286801112860454,-0.01991654206912385
20010525,-0.019088351064461176,0.02374254153107081
20010601,0.01259712783988509,-0.008320810744413435
20010608,-0.04426119731178557,0.037672628645786396
20010615,-0.013959883970096731,0.01642159612667569
20010622,0.047978643392063126,-0.042358897938335666
20010629,-0.04268677722378794,0.027034549421149745
20010706,0.022066342155734452,-0.005115273472890855
20010713,-0.014720059491301084,0.024799316686676436
20010720,0.004925312615112405,-0.013437717661754948
20010727,0.008873073819427833,-0.016486671087311153
20010803,-0.02530605969592272,0.028034654622388654
20010810,-0.010260418199431267,0.034885529246072564
20010817,0.016753801531098077,-0.016261762497284536
20010824,-0.031381107707374664,0.023440709868780475
20010831,-0.05116612464234516,0.029517700730240445
20010907,-0.005017608721051775,-0.006429178420623056
20010914,-0.13157684435673073,0.04271439844407723
20010921,0.06356293506516404,0.04111670180751936
20010928,0.03593239985890102,-0.03996298704926932
20011005,0.04198733944384663,-0.07789462293939722
20011012,-0.012459476374246194,0.03155711267952583
20011019,0.03269819979206854,-0.048709052243645384
20011026,-0.013908581688423554,0.02698755360758642
20011102,0.020571756773723627,-0.03134084032582025
20011109,0.03155457788277,-0.06419332894141781
20011116,0.014000532030010117,0.0035757496420356512
20011123,0.00010691234905219852,0.01751795433803031
20011130,0.040145390197057915,-0.026716410777887653
20011207,-0.028324100769364986,0.02350074611165883
20011214,0.020689420223400503,0.005004292413379927
20011221,0.02528597189744121,-0.02669280620173931
20011228,0.017475260489508895,-0.027681978563035087
20020104,-0.021677035989305284,0.007094803687786532
20020111,-0.031240922416775663,0.050854651479580286
20020118,0.011336533487364226,0.012125322432720879
20020125,-0.009242799992488603,0.04917786192350241
20020201,-0.02822097632647829,0.048634974350366
20020208,0.006074550924960205,0.00809057808400254
20020215,-0.016313979564241507,0.02400105577106973
20020222,0.04012682878677044,-0.004761540813750101
20020301,0.049255946088386494,-0.059333771712846525
20020308,-0.003935405154128949,0.0208679882913014
20020315,-0.00034941517762334214,-0.0038741011173138644
20020322,0.003643663147325246,0.01959448838281849
20020329,-0.023626386647591754,0.016534497848065474
20020405,0.010775931720933236,0.034341297722528
20020412,0.011582772843882485,-0.021227565763334743
20020419,-0.03302136893713989,0.0351448623510254
20020426,0.006864387554571668,0.029546283215419404
20020503,-0.02521157925238498,0.006377105582143917
20020510,0.03638519653265844,-0.011342769828426935
20020517,-0.0241554600306188,0.013468146464327372
20020524,-0.01663587644166918,0.014193064574503879
20020531,-0.03762228290099323,0.04312758190546308
20020607,-0.0315584404912082,0.011631422386441466
20020614,-0.016188882943704297,0.06601887585904997
20020621,0.000595819846539434,0.0038954219502967805
20020628,-0.022779374812430028,0.0019817806449928858
20020705,-0.06254685335833346,-0.0008194595825078163
20020712,-0.062477559501452715,-0.030949168589607067
20020719,-0.011545474426237165,0.1313567243886002
20020726,0.01211911514450732,-0.014792680046379856
20020802,0.03753813762953035,0.03003011661992344
20020809,0.028890691162529694,-0.00197481614217814
20020816,0.012304439698366986,-0.07812453494888953
20020823,-0.01808302354540911,0.03976034478953198
20020830,-0.0072072544117257765,0.03336299532201384
20020906,-0.0043314375636381965,0.004850515209086429
20020913,-0.05918561141316026,0.03472300194861259
20020920,-0.019617123149223432,0.03382127157724187
20020927,-0.050950697303780434,0.013166489464161518
20021004,0.0198983746387711,-0.0008873400004011393
20021011,0.05129221898772294,-0.023495195008594615
20021018,0.021698879250737588,-0.06639523275272304
20021025,0.0149338087270364,-0.06280993338265435
20021101,-0.012884048063406945,-0.031804823614199604
20021108,0.022807839565096914,-0.022933609827683225
20021115,0.02706747043128016,-0.10349500708781031
20021122,0.008430552029500951,-0.042859127471796606
20021129,-0.014694081519637272,0.05569426461289448
20021206,-0.017053992168443888,0.01473417715725684
20021213,0.00036761301428912276,0.0313025411214505
20021220,-0.01290224588820218,-0.008435699233608948
20021227,0.0289053585733151,-0.032619269681411316
20030103,0.010891680638329437,-0.08138430103527801
20030110,-0.019688841873394113,0.027943308172366097
20030117,-0.030801198366624108,0.03695554462675057
20030124,-0.0023226410019773413,0.021435187222120303
20030131,-0.03262978310069829,0.03324082228152505
20030207,0.0015913059937758694,0.003124531333013771
20030214,0.016882085681742563,-0.005441638420656023
20030221,-0.008113526146027204,-0.005480233113101906
20030228,-0.015163787378328686,0.019361066107280465
20030307,-0.0024527863240324556,-0.00963943869813732
20030314,0.06309729363796542,-0.04982656496823519
20030321,-0.020375436643784293,0.03146711247949482
20030328,0.008038030324992555,-0.03979504154893337
20030404,-0.008102680829527252,0.013364244876322956
20030411,0.0299101923797461,-0.039948333352685286
20030418,0.01314138124706206,-0.00591922405024102
20030425,0.045494614461808344,-0.01980279991390942
20030502,0.010273060368550802,-0.015910070504800478
20030509,0.012507933976339838,-0.02593827625156937
20030516,0.0006035545139486667,0.00902875935209241
20030523,0.03769440842954009,-0.014900921495270654
20030530,0.02969013813165803,0.004869595215218481
20030606,-0.004326892289879676,-3.984483427037744e-05
20030613,0.0004151307809998838,-0.014540378920577723
20030620,-0.007987371438978824,0.01314328131439561
20030627,0.010681103310118645,0.015522529261010505
20030704,0.02579787950660771,0.009247027629397567
20030711,-0.005847694376710641,-0.020733981125068655
20030718,0.007995666255614127,-0.002746743221184936
20030725,-0.003555295947996459,-0.008122712948592258
20030801,-0.017120591976379412,-0.012865315714010136
20030808,0.02332660216701781,0.014822230624329965
20030815,0.019373572890638468,0.014082708787134987
20030822,0.01998975544529246,0.0018100261514318577
20030829,0.01893993117794041,-0.0018690089795252696
20030905,-0.003472802672870346,-0.008444994464841413
20030912,0.01749094891085388,0.006267283299292248
20030919,-0.045227134572308605,-0.015832565353847854
20030926,0.038274323244293494,0.01682442838462145
20031003,0.009423882306600028,0.011563549557367063
20031010,0.004291944312197529,-0.004644493203578595
20031017,-0.011521142180699268,-0.00883865163744738
20031024,0.03419276557891665,0.012128682844680458
20031031,0.01607758431968778,0.010791004076400204
20031107,-0.004750044183610393,-0.009132918258539178
20031114,-0.011334578225768402,-0.009724450811170529
20031121,0.02804865616272739,0.0201536053089949
20031128,0.004870440343607009,-0.035041396748314586
20031205,0.01337469226132185,-0.01477000982794281
20031212,0.009328114077789907,-0.016947324281198883
20031219,0.01030026923260266,0.0009415647674697838
20031226,0.010156633389757938,0.0009135614956889794
20040102,0.014468703842277927,0.024833558429711286
20040109,0.018716830144282555,0.008575495994084083
20040116,0.00950810261653244,-0.007344719455933373
20040123,-0.011146624661899944,-0.006154307978554231
20040130,0.008698636574138852,0.0012084520760118882
20040206,0.008270072786221404,-0.006148023786840002
20040213,-0.003748495020889146,-0.004330314908500203
20040220,0.009955726876859894,-0.0027492015631745683
20040227,0.019605258223928806,0.002627335460690716
20040305,-0.021952667919574224,-0.011320310611254792
20040312,-0.007094489353379932,-0.0070569744797893885
20040319,-0.00024783968802467144,0.003674032048718098
20040326,0.04058263098380577,0.006859986196378065
20040402,-0.008130607641071604,0.005856333708485373
20040409,-0.012275658280695422,-0.015545538496938991
20040416,0.005035379975866663,0.008543451503646651
20040423,-0.027213325870677242,-0.0436146586266182
20040430,-0.014037731360688394,0.0018855009404969163
20040507,-0.0081886301654429,0.0014122451581696862
20040514,0.0003724909057549828,0.007798974281946059
20040521,0.03664718038123004,0.013835494454445502
20040528,-0.00269851593714498,0.009638208559197984
20040604,0.006341920302023784,0.0008871931831635225
20040611,-0.0007737397721439532,0.0010300892821316595
20040618,0.011088596055291857,0.016569132766642156
20040625,-0.01035667230635069,0.005793272394542703
20040702,-0.02338849579642906,0.0009644709208297082
20040709,-0.011253969035237177,-0.008215158107642612
20040716,-0.022922967780574476,-0.006672385512992789
20040723,0.010766463644461726,0.019531961368923437
20040730,-0.04112098777930568,-0.028655181751007376
20040806,-0.0064109418564253125,0.012169819943447728
20040813,0.052867321256664074,-0.01820933334590448
20040820,0.00798647111611753,-0.002251292497741561
20040827,0.005216058995554466,0.02250999208283829
20040903,0.018473130910283672,-0.018171584803411717
20040910,0.007841615235627595,0.0008507917944448629
20040917,-0.018459166142079958,0.02533279201453174
20040924,0.026757415399772215,0.005170734709675009
20041001,-0.01318030211177649,0.01334779486773067
20041008,-0.01245567210693415,0.003800408728656061
20041015,-0.0015907328876500306,0.00047246495997044403
20041022,0.038763783364669735,-0.028911169162067565
20041029,0.031895945896223674,0.0011452822846579782
20041105,0.025217919106466268,0.0007599363242220884
20041112,-0.010521257259348752,-0.023141929604911807
20041119,0.018377970310176257,0.017382300893103234
20041126,0.019531617856663873,-0.021657801390555013
20041203,-0.010890037700799387,0.005136448502739198
20041210,0.011294928791946797,0.011504604035584528
20041217,0.012992914123364403,-0.0019191424702945249
20041224,0.0074765340354424874,-0.011807549521285982
20041231,-0.046087295590682975,0.010162118571648691
20050107,0.0026024702195748747,0.017515718244918217
20050114,-0.011083151835602035,0.012127793407324818
20050121,0.003271793526569925,-0.0012045630188084284
20050128,0.034079500494306164,0.013756041665299687
20050204,-0.0004882611791438318,0.007205729684500955
20050211,-0.008634006299880516,0.022729655404893665
20050218,0.006890292019409468,0.01740168319305247
20050225,0.011237364685661033,0.014547989162779931
20050304,-0.016111533738553615,-0.022422319703927815
20050311,-0.009395548281528502,0.009635311696458641
20050318,-0.011220553548291105,-0.008107985994727148
20050325,-0.0038220732988670544,0.009972993786461796
20050401,0.0054006095113532035,-0.011069095839531463
20050408,-0.039236115147162944,-0.021058966125981186
20050415,0.01062310736242215,0.009833888739076048
20050422,-0.004670781682518194,-0.0058569310023405
20050429,0.022041456018882456,0.012024844179265201
20050506,-0.014248400042596835,-0.031076717894581017
20050513,0.04282146576955885,-0.005251304454841979
20050520,0.011981969626658005,-0.0006905551801186063
20050527,0.006177671222287476,0.002585571985054956
20050603,0.009581874333849993,-0.012198775069611699
20050610,0.022815233720623218,0.002426233794498944
20050617,-0.02119788988357121,-0.002425335910307858
20050624,0.01773562831736643,0.01926313825757064
20050701,0.02044732665305987,0.00559188319410024
20050708,0.008629463456196133,-0.012422207098227972
20050715,0.014098573438228594,-0.0008668397077108639
20050722,0.002116907454587259,0.018244466215419933
20050729,-0.014363718212716757,-0.004181760244574942
20050805,-0.004225080295363575,0.01168159637830845
20050812,-0.006417449734319131,-0.020545247039627745
20050819,-0.007698277896357308,0.0028762427305626575
20050826,0.011783289428082754,0.005526224125184434
20050902,0.015419194989792474,0.011981071194078643
20050909,-0.0061516415532231646,-0.006101903861778322
20050916,-0.02388218737213912,0.0022763738774757842
20050923,0.013017092488137778,0.01566679445091777
20050930,-0.02396564576770867,-0.015369045692464632
20051007,-0.013521655306362214,-0.00763409263056838
20051014,0.002324964432452961,-0.008421430134569233
20051021,0.006479106674689518,0.005526575814726402
20051028,0.03696031834015509,-0.005389602203331973
20051104,0.014872482243803282,-0.016188947225043496
20051111,0.009928784587274609,-5.5628577150349685e-05
20051118,0.015213782718216816,0.0066827059011066794
20051125,0.007797775648055445,0.0018939872526545058
20051202,-0.002785146277884096,0.008713537202330448
20051209,0.0003818336637469043,-0.00040989413887708453
20051216,0.004229055087978173,0.007261979436619465
20051223,-0.012975359620972432,-0.0019420244140897173
20051230,0.02902865841904021,0.02267266700192476
20060106,0.004831018861288569,0.0043838822569949995
20060113,-0.007784397478451143,-0.0032415740726344073
20060120,0.02912458805928104,0.0011228965386543158
20060127,-0.009850022890877703,0.0032746021020105816
20060203,0.00200115587306817,-0.010077799261941673
20060210,0.013979003775953512,0.013689623298455364
20060217,0.004302275486255296,0.010925372712966104
20060224,-0.00040425356607287405,0.007738350751217375
20060303,-0.007239415954186489,-0.01787998904201609
20060310,0.019913635614759465,0.01346503262884301
20060317,0.0048594283918516265,-0.001976576493908455
20060324,0.004081452473582882,0.003542081678530545
20060331,-0.005923539148393014,0.0038896267939712995
20060407,-0.007475341717662925,-0.00043702718841743925
20060414,0.02098671935094894,0.0052918585827723946
20060421,0.003978897177892885,-0.02031698420127608
20060428,0.011705891762969482,0.020922762552571653
20060505,-0.028685691424390057,-0.025351406562515177
20060512,-0.014695403799390664,-0.03188534638360316
20060519,0.006608967424025659,0.0016948212565997655
20060526,0.0075402290051518805,0.003993135827476108
20060602,-0.026503314450447454,-0.04723989289762025
20060609,-0.009506826876031379,0.011876589774698552
20060616,-0.006514094704993973,0.025581220495341728
20060623,0.023863992095836114,0.030903125999627842
20060630,-0.01464931223658749,-0.013252658444490018
20060707,-0.034500539887792794,-0.014840042655950385
20060714,-0.008310238317987786,-0.027829373406842602
20060721,0.030244001532780077,0.01435823594947498
20060728,0.006017753064641982,0.0034141753278547535
20060804,-0.022625447981944446,-0.028352834527585337
20060811,0.042928170752679,-0.02105766962226169
20060818,-0.019072958811612348,-0.00627127650040253
20060825,0.027454200559684,-0.006047569669575054
20060901,-0.013341209982524721,-0.00799243118973022
20060908,0.025632028464540633,0.005737631848465502
20060915,-0.010052263832470572,0.01225202097098985
20060922,0.010532204976663427,-0.006949234592452785
20060929,0.015264428383926451,0.010327462793508402
20061006,0.022596497951666076,0.011732065133181799
20061013,-0.003857142799865867,-0.0003742360076833713
20061020,0.007459155969141821,-0.005531685593198254
20061027,-0.010237913905337792,-0.016889015707031576
20061103,0.021402022746861565,0.0018671874284639364
20061110,0.02090057154353229,-0.00972179740093745
20061117,0.004921337152277908,0.015207856627462484
20061124,-0.009794195854252714,-0.005447996236109576
20061201,0.012045688610255225,0.014064196627158477
20061208,0.0034477651776529273,-0.0057296848817439934
20061215,-0.0125263493458593,-0.012336453169823996
20061222,0.005426235862375599,0.00762315978797223
20061229,-0.008979999566542841,0.009653732709333845
20070105,0.021039551341884396,0.022314416400936416
20070112,-0.006324507391488822,-0.00201000382800359
20070119,0.0013994322830851978,-0.0024771696441610322
20070126,0.026592064652387,0.0009041981990876593
20070202,-0.00326248206815755,0.0025224662521832267
20070209,0.014071226928433033,0.004246070331215317
20070216,0.006487495127008182,-0.006112841410849951
20070223,-0.0530852256861037,-0.006889371027354519
20070302,0.009673123554749946,0.02164489376904579
20070309,-0.011364595604394522,0.0051787700931393
20070316,0.03724428826103494,-0.006012812874962074
20070323,-0.011474766348329068,0.0033144643293757784
20070330,0.0160149713247824,-0.00040989259206912135
20070406,0.00662011120157239,0.012905174506100606
20070413,0.015888804999002984,-0.012087380944619286
20070420,0.000835845194541102,0.011319091982832201
20070427,0.0068878928021158855,-0.011240919249865445
20070504,0.00048521056992164744,0.007276128580707855
20070511,0.004474095538100741,-0.008858762895716639
20070518,0.0034015480115795675,0.00460237851869784
20070525,0.027277649025701508,-0.004849100974300634
20070601,-0.021391611315830224,0.004825667847615204
20070608,0.01239595824368276,0.007878343909494339
20070615,-0.01638707642503485,0.002809527605156889
20070622,-0.002344689695133467,0.009282523385865334
20070629,0.01655247022320948,0.016249138811530388
20070706,0.003535179520859226,0.004969966892429075
20070713,-0.02003850064914593,0.005087363488132802
20070720,-0.05956198234503086,-0.009490834484666725
20070727,-0.024665069261412927,-0.00829690420289394
20070803,0.03595111323839206,-0.029708129709460084
20070810,-0.004020322204939052,-0.021453996044973625
20070817,0.018535474492138233,0.029922694736044763
20070824,-0.00804745326719832,0.015329625003140623
20070831,-0.016197508686936146,0.003240690832645967
20070907,0.010071363530726142,0.008730366850210617
20070914,0.022582717323672133,0.02099721685864148
20070921,-0.0071671361635269075,0.015749251437931894
20070928,0.03946575985911342,-0.004316373695971133
20071005,-0.006569867465297326,0.03054734735162807
20071012,-0.04974033514520371,0.033201333853581316
20071019,0.023539189751205298,-0.008291773691396553
20071026,-0.02737513799716101,0.018853338956978927
20071102,-0.029448405553191812,-0.011867056474133443
20071109,-0.001589786299645165,-0.016503897032113465
20071116,-0.018380219533840916,0.008403868647160735
20071123,0.021710530180407518,0.014552268000392431
20071130,0.02099001203307072,0.01947289676430586
20071207,-0.03704312158354681,0.03400857335871265
20071214,0.02129950783229269,0.024977519426301244
20071221,-0.01349653244134644,0.018156986736756787
20071228,-0.060660405385564234,0.01698366805827288
20080104,-0.023546967192018823,-0.01242594460426158
20080111,-0.04108790959445962,-0.020105873788146388
20080118,0.031603381859267685,-0.0358844991801894
20080125,0.06774690821522887,-0.03560863564311046
20080201,-0.041532571775411385,0.025068264843083932
20080208,0.006483553751685676,0.006480950947188756
20080215,-0.0018858848592819017,0.0016309651128180362
20080222,-0.015661993884262232,0.019715087363260508
20080229,-0.03507655206048697,0.01296027687439822
20080307,-0.0053319263154018234,0.025709987923717696
20080314,0.017925795386089675,-0.05256418174346905
20080321,0.00028088852046692734,0.03805405414877388
20080328,0.048347916505194224,-0.019690864030515152
20080404,-0.03191474320604748,0.046651147221059897
20080411,0.042097909269583955,0.022174212597275592
20080418,0.000735866351267321,-0.015087089967831684
20080425,0.016838469583406665,-0.04947643503533759
20080502,-0.002290434504669465,0.06162104799761478
20080509,0.032593854358300624,-0.006409433473391367
20080516,-0.0310298926779267,0.017392037307358908
20080523,0.03039213608287976,-0.005160854431446771
20080530,-0.014803358515241716,0.038671954101038894
20080606,-0.007805910767418175,0.019133185548049266
20080613,-0.02108409075696485,0.033807496450551366
20080620,-0.04138173520387906,0.04051547364782692
20080627,-0.03831450650322532,-0.0070068658310504725
20080704,-0.005911486364934304,0.05431736229748549
20080711,0.02738802153065661,-0.07445120957973779
20080718,0.001304826855485975,-0.025359626985287077
20080725,0.014105661084585743,0.0018386548628478272
20080801,0.024985764171301175,-0.07933577352252796
20080808,0.01942334099026296,-0.018333654454056277
20080815,-0.01196372659690367,0.03827737427357014
20080822,0.0001810828637460127,-0.00951908158516123
20080829,-0.028459781288477676,-0.04471005225949043
20080905,0.004229086609027018,-0.013858347526676308
20080912,0.020591616252746053,-0.011154134185818742
20080919,-0.05903470454772311,0.012540438263179772
20080926,-0.1179870321991083,-0.011078957706944365
20081003,-0.16843468901847344,0.06636863354425057
20081010,0.03133837197289701,0.004527830116928163
20081017,-0.09105097894758629,0.049329026652115485
20081024,0.1216613495751268,-0.0578195151537298
20081031,-0.0382933994569227,0.0076737740080676815
20081107,-0.05058814034936706,0.10812328891118161
20081114,-0.06705685265067815,0.13181994397796834
20081121,0.11585861013699661,-0.1744987542342217
20081128,-0.02185919148548689,-0.010115259296398813
20081205,-0.001696729417617747,-0.07222691957966627
20081212,0.023021191054455672,-0.03283789035055909
20081219,-0.008479379657695626,0.03705150985581732
20081226,0.05301471427665045,-0.07532840681992073
20090102,-0.04820818015886186,-0.06275833191224582
20090109,-0.011805689429694805,0.08824613901325476
20090116,-0.031672779755498225,0.01452178857531937
20090123,-0.008908869422776642,0.0063079162735494776
20090130,0.05074769633392396,-0.05599977934373145
20090206,-0.03289295241055637,0.042028129017999474
20090213,-0.050445321074870465,0.10754911667340009
20090220,-0.03790229764770307,-0.0009314854454800679
20090227,-0.06708291351611786,0.06566992813629986
20090306,0.09911567545980889,-0.11405606568353212
20090313,0.00614687632396883,-0.0493335309307934
20090320,0.049249399204340016,-0.07953196538128236
20090327,0.02677956905715697,-0.07003942164421544
20090403,0.01105365861415206,-0.05543393659834155
20090410,0.00501943377313387,-0.05017676110810045
20090417,-0.002344582172689739,-0.02517893922616678
20090424,0.013658862177200724,-0.03406611082756551
20090501,0.030806390761573967,-0.12654876794662756
20090508,-0.05648813795382356,0.052520910999766315
20090515,0.004691802166676434,-0.03172644166689654
20090522,0.039562661720186056,-0.00816363409957506
20090529,0.0399964927654913,-0.00722595536224468
20090605,-0.010216685461719471,-0.03571782325031473
20090612,-0.01992117843428426,0.03289432078249738
20090619,0.0020763089007851993,0.013633343818243295
20090626,-0.019568731917361568,0.02065508886748821
20090703,-0.031249515198086147,0.015777178241992637
20090710,0.07497869055222359,-0.018137604143190243
20090717,0.046118997612405066,-0.04261992610037668
20090724,0.009708390324715033,-0.023699909710207856
20090731,0.024373655864329335,-0.07606569313130188
20090807,-0.015317921446115131,-0.018612147376228856
20090814,0.021295945299600626,-0.01033532719728806
20090821,0.0017204342793672627,-0.012131242191636436
20090828,-0.01697588400817564,0.0016474972051446083
20090904,0.04210638428334235,-0.023486477426363242
20090911,0.038234582976603544,-0.009794932843107227
20090918,-0.02970658472548006,-0.007851294882073664
20090925,-0.02219271366382652,0.005133921381617596
20091002,0.058088825773961066,-0.0031220893373524747
20091009,0.006626577456095644,0.009269942189272011
20091016,-0.019832125195455026,0.004328563769185351
20091023,-0.05826870955484817,-0.005154281724200388
20091030,0.03238359155233133,0.011751596588576335
20091106,0.013492083110304889,0.014383732656819694
20091113,-0.006915793608229417,-0.0014283031007517777
20091120,-0.006483531976359001,-0.0007121579927884133
20091127,0.036497625502799155,-0.010417250821493041
20091204,0.00570908987719131,-0.0037435543935062407
20091211,0.014247691857945288,0.004792734063321417
20091218,0.03544047927130808,0.0008371395414151905
20091225,-0.01449782823519287,-0.001255110168593196
20100101,0.0315925640454083,0.0032956183540169817
20100108,-0.003169908188609673,-0.01167556321850763
20100115,-0.019953779514028668,-0.01967406681269118
20100122,-0.020745215097314782,-0.0045793517238698
20100129,-0.010405853907728415,0.0029353355265338854
20100205,0.024350831772995345,0.008089275956460121
20100212,0.031203666087275546,0.0036774360712356893
20100219,-0.002617838310820291,-0.0032772673607296098
20100226,0.040794566173672206,0.006107185836052946
20100305,0.016755478737807344,-0.00029428462970648874
20100312,0.012175570852870521,-0.016459780042261216
20100319,0.00041706428663850024,0.005652122109175272
20100326,0.006791135148157521,0.008179104771130659
20100402,0.017532193741710864,0.00918071670754182
20100409,0.01442729231413616,-0.010674285453709511
20100416,0.028320222762956267,0.007840372720688585
20100423,-0.03306641556143475,-0.002077568631400694
20100430,-0.06679178082676299,-0.026718636157929427
20100507,0.03615438671407713,0.01444243357714829
20100514,-0.04527068130861642,-0.015872191742180602
20100521,0.010044310178704418,0.016242618766393806
20100528,-0.02830417213454389,-0.008078930997052647
20100604,0.021581341498330242,0.012186425190574803
20100611,0.025083314920879625,0.0012139663130952634
20100618,-0.03358260396949239,-0.006779391002399831
20100625,-0.05344843996335137,-0.022981859006436955
20100702,0.048295110402489634,0.016292798134079557
20100709,-0.017042618600299812,-0.010914726810526047
20100716,0.04710277857329873,0.03191833148622929
20100723,-0.0021391322809820967,0.003024582182161502
20100730,0.009066117219747594,0.001589310959090093
20100806,-0.04935444091462428,-0.0011352714470760647
20100813,0.0007812599764442857,0.004607224362656493
20100820,0.004518108760592145,-0.006298302558956378
20100827,0.038020527665126404,0.02169320042196167
20100903,-0.0020833964589060464,-0.010421796356230348
20100910,0.0215822787471734,-0.0032428518588323058
20100917,0.02320236819784169,-0.002449149580247354
20100924,0.012156290030821457,-0.008607545896851863
20101001,0.016862924673291244,-0.009093352725259424
20101008,0.007686075004236521,0.009685738614244526
20101015,0.001635285075991945,-0.00477614136207577
20101022,-0.0025526603690994125,0.017735949880905585
20101029,0.040766797529913704,0.01771963838667743
20101105,-0.018938544769493765,-0.007074992600747138
20101112,0.005428423832500154,0.010373763882799541
20101119,-0.00020695215217505017,0.023530505345200063
20101126,0.030092070864978514,0.013235484688078275
20101203,0.02067204071820386,-0.0035982817655461664
20101210,0.004683175916236369,-0.006839802980144721
20101217,0.011856988250761253,-0.0094465933657177
20101224,-0.0014073790073362747,-0.010270747041367127
20101231,0.004630506059908685,0.007999719651524477
20110107,0.019615124505623124,0.009107888387851357
20110114,-0.01861785635897622,-0.01918999311897635
20110121,-0.005100908849047545,0.019393824484842025
20110128,0.020713590635975103,0.025898429675539885
20110204,0.017369874038270543,0.012140826418623619
20110211,0.014287660176140221,0.004786668271768511
20110218,-0.01597974052560622,0.0012651397259681025
20110225,-0.002328102077600437,0.01681647152333953
20110304,-0.011065250153452187,-0.024254198440936358
20110311,-0.014966928217937398,0.005641319513219892
20110318,0.023849684091002653,0.024494470148737752
20110325,0.020751501640567795,0.0039715840530187615
20110401,-0.005412691162221052,-0.0016104976658236963
20110408,-0.004410503850493359,-0.011966171318759261
20110415,0.009897112602344244,0.01315223724682921
20110422,0.020146808201713228,-0.0004910913180330617
20110429,-0.015167983803496862,-0.029581903457022763
20110506,0.004206678846820187,-0.0037195515690090805
20110513,-0.004195598407550384,-0.005283101814478063
20110520,-0.0008573983153846213,0.011392367421084744
20110527,-0.027263274064344374,-0.003864229006791764
20110603,-0.029030178932401424,-0.001891967525111763
20110610,0.002131544901241404,-0.010696374488615858
20110617,0.0044032579992567804,0.025183220430891787
20110624,0.045436723135328184,0.027001855245224037
20110701,0.00684214827947851,0.011984014320115406
20110708,-0.027068431272521155,0.0028746734661708037
20110715,0.01268040351103504,0.013712956465714026
20110722,-0.0463094593985873,-0.004623634491016395
20110729,-0.09589928709719497,-0.0015649280790372832
20110805,-0.026536439613804995,0.03709286549783159
20110812,-0.0419497304909828,-0.0440856765399317
20110819,0.05242241360768704,0.024083591629928017
20110826,-0.004665199027885789,-0.0007172957724126916
20110902,-0.016099913224689826,0.005284791000252121
20110909,0.055885145980886106,0.0025844697420142034
20110916,-0.08327253434208219,0.0065278787531949005
20110923,-0.01014311237537188,-0.02165279732571192
20110930,0.019543795493733952,-0.00011078004977646905
20111007,0.07634469530076703,-0.010384141025351502
20111014,0.007741416872671172,-0.007346344357384311
20111021,0.062424906547578124,-0.03524097276939458
20111028,-0.017158496985260563,0.012653825588787287
20111104,0.0009211675855399213,-0.0016462163591423116
20111111,-0.04021366523352795,0.015367658818478108
20111118,-0.06250712205032029,0.01417622505758529
20111125,0.091739300053027,-0.012963292495250769
20111202,0.011255112201148686,-0.00582788448803732
20111209,-0.03369945831537028,0.017406486635377524
20111216,0.03882293558555298,-0.01207531568731238
20111223,-0.008227562684554287,0.002454928910092901
20111230,0.014042001978444327,-0.020170871023023333
20120106,0.015521694911656388,-0.017791644749120292
20120113,0.02447139619084204,-0.024130721741699147
20120120,0.012287415162140086,-0.00894121723736605
20120127,0.03239459010359896,0.0010293480099717231
20120203,-0.00839963687881937,-0.0039757097584958555
20120210,0.01825696454252449,-0.00034173893760080663
20120217,-0.00022300092143536784,-0.009084496907927028
20120224,-0.01435500226663736,-0.0017876636022096555
20120302,0.009357526304480756,0.013512950090459863
20120309,0.020517254026187867,-0.016316349337627847
20120316,-0.006888760519486215,0.011894500603627806
20120323,0.0014402440566314277,0.0032469391533528186
20120330,-0.012717215814459724,0.02073028038389484
20120406,-0.019938332405926507,-0.01267936924637621
20120413,0.008809569390817317,0.015210828477884153
20120420,0.02071978292816446,0.02491532767637759
20120427,-0.031004590616066873,0.012330692169976721
20120504,-0.006519099543581463,0.015709764512118335
20120511,-0.05607847424407463,0.03448348102070182
20120518,0.026410155397905404,0.00440277434621639
20120525,-0.03900528362918038,0.004521000717199517
20120601,0.039100795959498176,-0.00550156673323148
20120608,0.002581171200528903,0.012627159905036179
20120615,-0.0028714528133894626,0.00838651320466929
20120622,0.02821042737347888,-0.01117345767821833
20120629,0.00639983847947899,0.022768808336321188
20120706,-0.006551510422651624,0.030212388128340366
20120713,-0.004825661561408436,-0.021078102374662618
20120720,0.008185751585419601,0.01840140815008479
20120727,-0.0017811487583962306,-0.006298481240616954
20120803,0.02796535635408276,-0.05012012490826326
20120810,0.009353662912651921,0.02543823440604465
20120817,-0.011431983422686618,0.00821180815529389
20120824,-0.0005736301424699288,0.008608898783735029
20120831,0.03697830839984909,-0.012523091756273703
20120907,0.02908372830433667,-0.023772473253641863
20120914,-0.02031980466792072,0.01338493689987534
20120921,-0.015273247449740181,-0.0033305510247716606
20120928,0.008458591948174755,0.014545029284622537
20121005,-0.013371551405895292,-0.017157732032227486
20121012,0.0015782803606873372,-0.001517925654461407
20121019,-0.013571694950388857,-0.0006564418079796093
20121026,0.010491690263587204,-0.023990951041882872
20121102,-0.021001610488688437,0.024198201136297472
20121109,-0.01653154818245729,-0.0031020257646348884
20121116,0.029685474576588076,0.016681808730906664
20121123,0.011621638932463207,0.0028375688574838256
20121130,0.007286478241476241,-0.016592735577407022
20121207,0.004368915425070289,-0.027969304959695088
20121214,0.023355806659982395,0.0007251617050003679
20121221,-0.02066374795850634,0.004424016255424105
20121228,0.051927981695449064,-0.004162172027835974
20130104,-0.0008682862877254945,0.011016818892494945
20130111,0.01358332379028241,0.0005224224585745297
20130118,0.015158643720235832,-0.0036436229212115576
20130125,0.004891676412657937,-0.0009354909633224415
20130201,0.006559569182275388,-0.0013163189407892166
20130208,0.006586657901959543,-0.00043792925155361506
20130215,-0.005677713295651345,-0.004878057518032635
20130222,-0.00664815154438959,0.023843151983346137
20130301,0.030342013096201992,-0.008183473509865372
20130308,0.014196020970861135,-0.013710627599769121
20130315,-0.011137940025877684,0.02617762604125079
20130322,0.007562784506707986,0.008995500155724845
20130329,-0.02347180073011725,-0.0015964224902759849
20130405,0.024205962031931975,-0.012418168569805547
20130412,-0.030403424117855262,0.008176075554727266
20130419,0.025169871112298917,-0.01562727342069725
20130426,0.02568003761945167,-0.01772547412341614
20130503,0.020394331733671667,-0.016345450776737963
20130510,0.0128100068661716,0.017406222785575184
20130517,-0.010864320530511697,-0.003214050270109515
20130524,-0.01002694675016709,0.020424441764653287
20130531,0.0065251431040914765,-0.0055976821980685204
20130607,-0.011157314562871605,0.005860688947189189
20130614,-0.018564970774615525,-0.003657830846442254
20130621,0.009010061769712044,0.011983178012340362
20130628,0.017033938375191127,0.025277960439696795
20130705,0.03312823466745138,0.004292942859577387
20130712,0.01491450654101372,-0.016664254728967258
20130719,-0.0018447553640335871,0.0011720639914059266
20130726,0.010546170961449497,0.01633221089012139
20130802,-0.005087303135041127,-0.011895833289890018
20130809,-0.019076184157379873,-0.00811875342010026
20130816,0.007456708853904297,0.003375204975718315
20130823,-0.023155438443386297,-0.008090093834391536
20130830,0.019019272079221196,-0.006491776417465861
20130906,0.019948759875102938,0.007883822702287872
20130913,0.01609733449266939,-0.0026251538491838676
20130920,-0.006355784191465402,0.012038926245234135
20130927,0.003956074677877227,0.006802134189142947
20131004,0.005056818791030153,-0.011157892517223121
20131011,0.026136956953655102,-0.0001520553987650119
20131018,0.009858623183251454,-0.012102083940893198
20131025,-0.0037212719345678493,-0.01653611560670951
20131101,0.007000266146269455,-0.0033128679046992237
20131108,0.014011161074845782,0.006919024896312897
20131115,0.003590946827432459,-0.00010763850603366914
20131122,0.007638327481088283,0.0011251612057428596
20131129,-0.00802266459059415,0.011477710159366713
20131206,-0.01895693388631274,0.0011850942911260521
20131213,0.03200917056441233,-0.004636964582249408
20131220,0.016499146335664617,-0.009644061937868889
20131227,-0.005056099120853676,-0.001289724561950164
20140103,0.0024292406167702616,0.01694994357260709
20140110,0.002786659326963092,-0.004315394352666308
20140117,-0.01985951041401693,-0.013858853186851414
20140124,-0.007688558166175596,0.007417131666814576
20140131,0.00021105825994113987,-0.014973656778166262
20140207,0.0288325336499444,0.0006337742179782973
20140214,0.004407604358172605,0.012963405959403625
20140221,0.012393381057800175,-0.006743430592964116
20140228,0.01621747592762747,-0.007302953637983915
20140307,-0.013336506231944325,-0.01865074005005609
20140314,0.016331353860577765,-0.011248967920977413
20140321,-0.014996785233317749,-0.024297285817883357
20140328,0.011043519418509139,-0.017200696455494435
20140404,-0.027725768812031253,-0.018366210530433524
20140411,0.018937967505915015,0.012882456677561825
20140418,-0.005119513508311703,-0.012315446432868263
20140425,0.006308354210853079,0.011136789749722476
20140502,-0.011097152105846577,-0.0044948712435076
20140509,-0.0022071301753077885,-0.003287213478593765
20140516,0.010497802039418866,0.016484137968890856
20140523,0.006209136844623917,0.009062344724092015
20140530,0.022309680813267188,0.002051415656979159
20140606,-0.002454669761910621,-0.0058496109994059416
20140613,0.01475195935923041,0.009338762945757468
20140620,0.0009533201376698141,0.0009997964734331129
20140627,0.013613619520472867,0.006646897281591994
20140704,-0.030680060075053132,0.02045628270160509
20140711,-0.0038782249813469677,-4.412169476896846e-05
20140718,-0.0037195259481190178,-0.009420982119407225
20140725,-0.019606044704434243,-0.02451217339399896
20140801,0.01053865413604368,-0.005340026951953689
20140808,0.007702964644514896,0.016312838364221375
20140815,0.016444852418862097,0.0006037362636891865
20140822,0.008690960874129709,0.00822026789811833
20140829,-0.003385036322481313,0.01230485345696075
20140905,-0.005900044554752437,-0.01752078999300114
20140912,-0.006742993967899972,0.016062902384218168
20140919,-0.02245393800321565,0.0068579628064930325
20140926,-0.01339415855047112,0.014771473811632302
20141003,-0.04019789404615561,-0.005948016930422815
20141010,0.01834993322486998,-0.02441713444883113
20141017,0.032912622723245126,0.04769485597097267
20141024,0.03670326918579035,0.001171361703836811
20141031,0.0028320306465367748,-0.019904340917924274
20141107,0.0015929173580136464,0.025976551629390696
20141114,0.0076193096120493395,0.0030559260483225413
20141121,-0.004804393847675429,0.03698597696711662
20141128,-6.37842498512264e-06,0.021797087731940817
20141205,-0.033931890643450445,0.01907032741627704
20141212,0.04163936086942896,-0.022783790432363154
20141219,0.013725449116166407,-0.0019282286361505551
20141226,-0.00981836031385937,-0.0005575095224221473
20150102,-0.013019479875032873,0.04184383960487757
20150109,-0.008660153974604543,0.014667826527304835
20150116,0.010739848558866415,0.0042244797737318466
20150123,-0.017562381843541145,-0.003356293482493739
20150130,0.04324132654533929,-0.05510004222276872
20150206,0.016387669691061958,-0.004447810858344138
20150213,0.00585806244702728,0.008269461803274904
20150220,0.0034152284946345297,-0.006195216917656103
20150227,-0.016248435770357814,0.00984709324196117
20150306,0.000825947414268462,0.024507636605019197
20150313,0.022071115518292963,0.013941615136687211
20150320,-0.015220978669944199,-0.014455586666715583
20150327,0.011805768339049755,-0.01624587915812675
20150403,0.009692706268081747,-0.0005974796370706309
20150410,-0.0027126881387216136,-0.020026231756325893
20150417,0.010436099549641642,0.012606098205974072
20150424,-0.01251666620058614,-0.046568168719217456
20150501,-0.0012323491038415497,0.03452159065560198
20150508,0.007834476724179584,0.0033938590964795595
20150515,-0.0012773926616635916,0.023828983215681256
20150522,-0.012697158779187047,0.030734615092624575
20150529,0.004826230567668553,-0.001771819526252912
20150605,0.005084141215033858,-0.014263487674281627
20150612,0.007206511544251673,0.030076851518484837
20150619,-0.004659212670793105,0.005171649659647922
20150626,-0.023165743114481614,0.027623748556600717
20150703,-0.004110288363791471,0.028613495903929892
20150710,0.001784505637750216,0.0544921868901204
20150717,-0.02970612698545553,0.011997435911816757
20150724,0.01543954171898176,0.001968421639722382
20150731,-0.014193049206724496,0.002278777551355533
20150807,0.00882166017620405,-0.010659946853282707
20150814,-0.04967402989616739,0.005254080224668683
20150821,0.010249382406423516,-0.008518176403645465
20150828,-0.025203227412358264,0.00541172881340861
20150904,0.014555263317234439,0.0226599561146766
20150911,0.0023869979844283237,0.006045090224275144
20150918,-0.025247255150894272,-0.002276949842972738
20150925,-0.0007785526102445464,-0.029613303576620197
20151002,0.048958130144295675,-0.05196570738128142
20151009,-0.0032423206412313726,0.01012691212582275
20151016,0.005371403659324953,-0.0027328116564758094
20151023,0.0009062865214814992,0.0033582094169260323
20151030,0.025957334368992967,-0.00924325101315208
20151106,-0.04292959052746413,0.02606764348104648
20151113,0.025831084253866182,-0.014006893044439337
20151120,0.019403419242888447,0.00797731309213608
20151127,-0.013825464255089896,0.011959097218566275
20151204,-0.04520369746229859,0.014805985163984204
20151211,-0.003271554095412469,-0.0032405120851796494
20151218,0.034783844580122084,-0.03666805159215824
20151225,-0.01439944202812143,0.02064356959136721
20160101,-0.07198708665292733,0.025467121374036332
20160108,-0.03113397806123594,0.035821269113344
20160115,0.011780121956924282,-0.016248002877062705
20160122,0.017617081411449537,-0.04048131352122953
20160129,-0.034842279257161254,-0.04316710443457889
20160205,-0.009433549851684382,0.03752104113507558
20160212,0.03416365232238316,-0.022488379038146263
20160219,0.022958703542231194,-0.05231706873673363
20160226,0.029358837003746873,-0.1127344330013614
20160304,0.010305258192677812,0.014025460320965142
20160311,0.011415557044585873,-0.0018307966320364934
20160318,-0.012893662115341474,0.02576480826681047
20160325,0.031067657284424288,-0.002591242698047966
20160401,-0.017739949414544494,-0.012462074403016894
20160408,0.025902995992898272,-0.0379104509346058
20160415,0.011082638214416133,-0.04289854970887633
20160422,-0.010890503602581396,0.017415115582438457
20160429,-0.010572837298481352,0.07003598711779008
20160506,-0.01056125084094498,0.035006616478570916
20160513,0.006333927440890918,-0.025966677350475375
20160520,0.029451542494022414,-0.02277056744089853
20160527,0.00938604827614944,-0.0036162317088213316
20160603,0.0007308504003593873,0.028001300045305502
20160610,-0.01449389035911222,0.019701331869944546
20160617,-0.01621390699857746,0.025814371223012795
20160624,0.02783182700047231,0.013770944085201294
20160701,0.01590838631866784,-0.0014421703270942965
20160708,0.02092384371868065,-0.010859403665137055
20160715,0.0065852928891904266,-0.005284948011411235
20160722,0.0031675449727360883,0.006581540237070834
20160729,0.004989263398928278,-0.011650028826493741
20160805,-0.004067967753904768,0.005844703267022804
20160812,0.0033573251122159336,-0.005358410332631353
20160819,-3.605050142096739e-05,-0.010778593591169276
20160826,0.00786547838983581,-0.004361283772979368
20160902,-0.019617937240122545,-0.024740878494594994
20160909,0.004718185794448692,-0.011040671609400546
20160916,0.019866964473458513,0.013347381157736657
20160923,-0.00176601606948176,0.011008021832229048
20160930,-0.010389569237124759,-0.007282268979868391
20161007,-0.014771893718111218,-0.00395554531628312
20161014,0.003292362002864401,-0.004883279156326286
20161021,-0.017626365181221678,-0.0017346540051621298
20161028,-0.017491414986692898,0.008636179007399535
20161104,0.08107316674727776,-0.03875295851826061
20161111,0.021904799816214515,0.01773360840075752
20161118,0.021510651013861497,0.0011632017819391083
20161125,-0.01887493378220787,0.005931018044484866
20161202,0.05145138843108655,-0.017236072930745822
20161209,-0.012807955100804418,-0.0012886209199463544
20161216,0.002826775765913812,0.005948517946686599
20161223,-0.009547684899240816,-0.005732053574774545
20161230,0.014623914917717768,-0.00627233564775138
20170106,0.0018716273875426645,0.006466226957938449
20170113,-0.012359296676210762,0.011566606937220277
20170120,0.008028485862823054,0.012691814921272162
20170127,0.004800805616271761,0.002729977038270654
20170203,0.010803444308831395,-0.000364910816937471
20170210,0.01202552527323618,-0.010194297833855295
20170217,0.00023960710546820944,-0.009422687474432421
20170224,0.0039259648365178295,-0.003364882608469565
20170303,-0.01413343497336124,-0.0036098631529499674
20170310,0.011422427960272917,0.006055478583467861
20170317,-0.019942714410910917,-0.010014502844185093
20170324,0.017251360087415155,0.004432885376822213
20170331,-0.010662969601191615,-0.004307968123409169
20170407,-0.00747113995129156,-0.018981428249459035
20170414,0.01844382856818464,0.005955442379505669
20170421,0.012077415501459007,0.016175237593729512
20170428,0.0028189986995827074,-0.01801179020482042
20170505,-0.014477600702051403,0.016391297129669916
20170512,-0.006972805973570144,0.005414917423956202
20170519,0.008585317888820162,0.014799509568677847
20170526,0.015668210863650833,0.00039233768185677133
20170602,0.0043933617483243315,0.007929390213268479
20170609,-0.003020214581664814,-0.010539536242354344
20170616,-0.006447359861990047,0.03253674631856942
20170623,0.006284876481399729,-0.021048200795865255
20170630,-0.0040151539738098145,0.019877117034874173
20170707,0.008641367115423968,0.005859757648789135
20170714,0.008354268082386512,-0.006412186821022092
20170721,-0.003312023504039595,0.007521652177249427
20170728,-0.008055169109618784,-0.0006972293103894016
20170804,-0.02131809850044298,0.0009399582486789384
20170811,-0.013983541031468795,0.01855475526304683
20170818,0.011743876518295738,-0.0014098002642865322
20170825,0.01656145599640872,0.0256684866110099
20170901,-0.009140173736482717,-0.006591580565266604
20170908,0.02567882004597169,-0.01931988461701608
20170915,0.009115743131675604,0.012378160466255885
20170922,0.021050823784155015,-0.004751892484639072
20170929,0.010205481529682937,0.006102087593866599
20171006,-0.007816580637988898,0.020642183557614494
20171013,0.004628154358494288,0.001870000571314414
20171020,-0.007427876242484244,0.010062051431058207
20171027,-0.011821479170633795,0.012938959146601413
20171103,-0.011069963544545461,0.001034339939564509
20171110,0.012674493513545784,-0.01118336919810943
20171117,0.01245648834787496,0.010828679591610211
20171124,0.023589021129220605,-0.03397383866655646
20171201,-0.0034915594691046856,-0.010566569765828301
20171208,0.00272860521343149,-0.0034414011504643794
20171215,0.009029911514804196,-0.004318574448094792
20171222,-0.0028719549742895803,0.0047087798884001076
20171229,0.015516570896783754,0.009797782984708453
20180105,0.019441690446908397,-0.007200847809819579
20180112,0.000847450190554442,0.018779177135773657
20180119,0.00948915474954417,0.013743987292476893
20180126,-0.038552414886540876,-0.0034694742738663304
20180202,-0.04388208541859064,-0.006016316222256097
20180209,0.04573882855395565,-0.0001269659433979966
20180216,0.0008486294310836571,0.009122923375974083
20180223,-0.016670574172033697,-0.008781559122109131
20180302,0.03668054391200988,0.0077931562608260984
20180309,-0.005339262467706377,-0.014918178266476394
20180316,-0.04943929096282105,0.008755062832342989
20180323,0.01988004012837205,-0.02091675825774254
20180330,-0.005506341090158212,-0.024603645330290528
20180406,0.011820470561491919,0.027303716574106168
20180413,0.006613331112379416,0.0024397857787652405
20180420,-0.0012206486853505608,-0.0047043398892440075
20180427,-0.004569150399643918,0.010879441674642946
20180504,0.020870049189334095,0.013356432698761174
20180511,0.004282181985823101,0.019532676316853168
20180518,-0.00037859712133007917,-0.005663783429420334
20180525,0.0062902783806695305,0.0064867179754011855
20180601,0.0213768607209972,-0.011137171987298257
20180608,0.0035747868822850067,-0.0051181395232935455
20180615,0.0026034924086326084,-0.013041193867192253
20180622,-0.014962601475481955,-0.02024500486079683
20180629,0.02555967510907977,-0.0007371291364509389
20180706,-0.0006479084109476054,0.009114679738597769
20180713,0.0008212638605790416,0.01247707203646487
20180720,-0.0027291797420930033,-0.03404823406749883
20180727,0.009802193073909057,-0.011374817387767574
20180803,0.0017265659766820007,0.019260481676412287
20180810,0.01213489153295446,-0.01756859096512585
20180817,0.009301470685590417,0.02522674813376529
20180824,0.004565031053833416,0.01063751452161198
20180831,-0.00951779571138025,-0.008883696052243732
20180907,0.0037450910144117664,0.005227068770995606
20180914,0.010656172609489058,-0.03696522145437217
20180921,-0.015079369407410729,0.0385670462038805
20180928,-0.025248224476170974,-0.010268089320257029
20181005,-0.04900823610666184,-0.004897335326684734
20181012,0.0011852928562731914,-0.013190384320240441
20181019,-0.03916374339393036,-0.0012553732042080627
20181026,0.03820947246883986,-0.008212910206290074
20181102,0.005369632125080372,0.012343366238010123
20181109,-0.01029623102506921,-0.018870044558397105
20181116,-0.02435673953250842,-0.007693476646399272
20181123,0.025989420982389412,0.013287680158921395
20181130,-0.05191878831717169,0.028003822273315312
20181207,-0.022359098428174365,0.0298097720829353
20181214,-0.07802502682313772,-0.017929279985233804
20181221,0.030277935294838024,0.011821449435144786
20181228,0.027777685889584756,-0.04885400227794201
20190104,0.0412370118648614,-0.03302780258100189
20190111,0.025181331371181177,-0.02361740192414071
20190118,0.0003660571851384121,0.010383701771646946
20190125,0.01360320175863457,-0.01072455276439367
20190201,0.0023374319299835,0.03151413949404181
20190208,0.033643995837905984,-0.012338848953125026
20190215,0.011498233879036722,-0.006890810153605651
20190222,0.0030441954685192906,-0.012195339642463505
20190301,-0.036739342437562196,0.03772369254941993
20190308,0.01930753563121316,-0.008528574638895297
20190315,-0.025255974375339517,0.017834067424539333
20190322,0.025252191173121538,-0.009919150743617475
20190329,0.026856987687214486,-0.028903747570096772
20190405,0.00218438960715719,-0.014138660350630066
20190412,-0.011041293512546535,-0.012569102189809275
20190419,0.011131339096933307,0.030920777149983966
20190426,0.004958737921534504,0.005933887833296605
20190503,-0.02319591518904946,0.02677045667043281
20190510,-0.01991449765477011,0.01503262110926376
20190517,-0.014881217451070246,0.0561784085790429
20190524,-0.0311336562062826,0.031285736529785564
20190531,0.04167733196838388,0.001665058832842819
20190607,0.004325134557713348,0.0032950763731058575
20190614,0.016090291371391275,-0.020643465739225698
20190621,0.009380392567728857,-0.03133185728258905
20190628,0.009103474721412052,0.03529863852189492
20190705,-0.0009995198688942586,0.007518076656490912
20190712,-0.012226739444304323,0.015247119265739236
20190719,0.015055067397582765,0.006066625572298398
20190726,-0.031945888927608836,0.04449547217196792
20190802,-0.008180394910367017,0.05254393934814396
20190809,-0.015370963053906703,0.03177477043243313
20190816,-0.019857303002848974,-0.0026086364476553396
20190823,0.024763229218156005,-0.008655230504204822
20190830,0.010992912348754262,-0.045636701617754
20190906,0.035087017507246694,-0.09374694126637505
20190913,-0.006601001911964071,0.0311675845276905
20190920,-0.01631314778878511,0.0238534795338787
20190927,-0.011777898062596702,0.04987816500969016
20191004,0.0070642586818197356,-0.0094371405136506
20191011,0.01091740784978368,0.025296096277218932
20191018,0.018739929016134048,-0.0368507273106688
20191025,0.01537520926067551,-0.007301817427801488
20191101,0.014180553023978058,-0.06337713448420719
20191108,-0.0015223472737136122,0.037765730066187345
20191115,-0.009157900415772946,0.019256224453506554
20191122,0.015717597182684742,0.020778390325825232
20191129,0.0031851748299463714,-0.008044581673097519
20191206,0.00783881405966239,-0.009597010080945472
20191213,0.024211118488659318,-0.015019457588890252
20191220,-0.001795858636474568,0.004530666943543908
20191227,-0.003894977309827699,-0.003046990337531611
20200103,-0.0030288559713423664,0.01134722053994122
20200110,0.020356819007454657,0.002125887037119032
20200117,-0.022764490354886015,0.019752973046676982
20200124,-0.03128049307756037,0.013190567586659737
20200131,0.02764162992186757,-0.013926571283263562
20200207,0.01228545329942392,0.03591689961672013
20200214,-0.006820001036292057,-0.003917908733681931
20200221,-0.12771699957367358,0.03276353167163208
20200228,-0.023570931940845072,0.0714570906794224
20200306,-0.15116943565948024,0.011101569649511582
20200313,-0.17027267280648956,-0.015105287586065969
20200320,0.1265370611827278,-0.017616281547545964
20200327,-0.06159413665855773,0.03421399227217031
20200403,0.17399972062609165,-0.15641130387611157
20200410,0.013678684453707925,0.09466501504748727
20200417,-0.01373379600807631,0.006970636622958525
20200424,0.0033168462036680148,-0.08824500077250047
20200501,0.04603581192739288,0.01794171259277959
20200508,-0.05292738213012768,0.07989464486887154
20200515,0.0704812394123009,-0.06744298645377537
20200522,0.03843166999814882,-0.02298472455541614
20200529,0.0932789613194413,-0.1388343110962603
20200605,-0.07197082628086945,0.04501152426379954
20200612,0.01258454336636869,0.03470861824397919
20200619,-0.03322721393488214,0.04518050307149313
20200626,0.03879425197998553,0.00368016753357622
20200703,-0.005548969647134212,0.02036906838827125
20200710,0.03315112246580585,-0.016415143531729057
20200717,0.003088004587990896,0.006935251113630306
20200724,0.005854795760960707,0.012823851144018884
20200731,0.040953650378024835,-0.023512770783891218
20200807,0.010901306192084464,-0.021583211036163116
20200814,-0.028323440218060505,0.02208592827541038
20200821,0.028939212647001108,-0.01871054208958788
20200828,-0.014231477422988269,-0.029974565341358516
20200904,-0.03242605580276758,0.019197545721167792
20200911,0.011673116602234974,0.003042374086990029
20200918,-0.03534628601746567,0.017726145905364084
20200925,0.037335837522580816,-0.008346512799234358
20201002,0.04954674204629963,0.016024249340754113
20201009,-0.0016976326312131804,0.008487336933944836
20201016,0.014948100533613812,-0.01713801759150983
20201023,-0.057256567678779825,0.0028317589661043816
20201030,0.052926525022664754,0.026033823314113785
20201106,0.07457679354595122,-0.09670743647929349
20201113,0.016380432982365155,-0.014471095796814371
20201120,0.03711144082912311,-0.01318213763106321
20201127,0.027215514214947834,-0.013641866315550751
20201204,-0.005423898846990863,0.007723647089311744
20201211,0.01656217031550847,0.029344178300140973
20201218,0.005563396364733285,0.01742677031506276
20201225,,
